-- ================================================
-- Database Backup Import - Supabase SQL
-- Generálva: 2026-01-25T19:15:47.387Z
-- ================================================

-- FONTOS: Futtasd ezt a szkriptet a Supabase SQL Editor-ban!

BEGIN;

-- Tábla: users
-- Rekordok száma: 16

INSERT INTO users (id, email, first_name, last_name, profile_image_url, role, created_at, updated_at, phone, deleted_at, deleted_by, client_id) VALUES ('42651577', 'mark@acceptrec.co.uk', 'Mark', 'Pearce', NULL, 'super_admin', '2025-11-17T11:32:12.793Z', '2026-01-09T08:52:03.820Z', NULL, NULL, NULL, NULL);
INSERT INTO users (id, email, first_name, last_name, profile_image_url, role, created_at, updated_at, phone, deleted_at, deleted_by, client_id) VALUES ('49070627', 'peter@acceptrec.co.uk', 'Peter', 'Czinderi', NULL, 'super_admin', '2025-11-17T11:19:35.291Z', '2026-01-12T14:20:22.459Z', NULL, NULL, NULL, NULL);
INSERT INTO users (id, email, first_name, last_name, profile_image_url, role, created_at, updated_at, phone, deleted_at, deleted_by, client_id) VALUES ('49100838', 'wojtaszkomaja@gmail.com', 'Maja', 'Wojtaszko', NULL, 'driver', '2025-11-17T11:25:14.658Z', '2026-01-12T16:41:31.809Z', NULL, NULL, NULL, NULL);
INSERT INTO users (id, email, first_name, last_name, profile_image_url, role, created_at, updated_at, phone, deleted_at, deleted_by, client_id) VALUES ('49100996', 'maja@acceptrec.co.uk', 'Maja', 'Wojtaszko', NULL, 'admin', '2025-11-17T11:26:06.829Z', '2026-01-22T08:27:51.788Z', NULL, NULL, NULL, NULL);
INSERT INTO users (id, email, first_name, last_name, profile_image_url, role, created_at, updated_at, phone, deleted_at, deleted_by, client_id) VALUES ('49738993', 'jennifer@acceptrec.co.uk', 'Jennifer', 'Pickering', NULL, 'admin', '2025-11-24T08:31:48.548Z', '2026-01-12T16:40:56.691Z', NULL, NULL, NULL, '05cf6edb-7814-4212-8375-77d4b03775e4');
INSERT INTO users (id, email, first_name, last_name, profile_image_url, role, created_at, updated_at, phone, deleted_at, deleted_by, client_id) VALUES ('49947655', 'czimbyke@gmail.com', 'Peter', 'Czinderi', NULL, 'client', '2025-11-20T09:57:00.349Z', '2026-01-09T08:57:32.986Z', NULL, NULL, NULL, '5c5e22e1-60eb-4707-a9bb-5412a59a1007');
INSERT INTO users (id, email, first_name, last_name, profile_image_url, role, created_at, updated_at, phone, deleted_at, deleted_by, client_id) VALUES ('49953319', 'peter.czinderi@gmail.com', 'Peter', 'Czinderi', NULL, 'client', '2025-11-20T12:55:58.111Z', '2026-01-09T08:53:17.729Z', NULL, NULL, NULL, 'b2cc043a-fb5f-4a70-9214-6623a3fe5935');
INSERT INTO users (id, email, first_name, last_name, profile_image_url, role, created_at, updated_at, phone, deleted_at, deleted_by, client_id) VALUES ('49953878', 'admin@ithospital.co.uk', 'Admin', 'User', NULL, 'client', '2025-11-20T13:12:04.720Z', '2026-01-12T16:41:11.880Z', NULL, NULL, NULL, 'b2cc043a-fb5f-4a70-9214-6623a3fe5935');
INSERT INTO users (id, email, first_name, last_name, profile_image_url, role, created_at, updated_at, phone, deleted_at, deleted_by, client_id) VALUES ('49954960', 'marcin.bogi@gmail.com', 'Marcin', 'Boginczuk', NULL, 'driver', '2025-11-20T13:45:11.971Z', '2026-01-18T05:36:52.100Z', NULL, NULL, NULL, NULL);
INSERT INTO users (id, email, first_name, last_name, profile_image_url, role, created_at, updated_at, phone, deleted_at, deleted_by, client_id) VALUES ('50128545', 'john3harrison@outlook.com', 'John', 'Harrison', NULL, 'driver', '2025-11-23T17:17:19.296Z', '2026-01-12T14:22:43.909Z', NULL, NULL, NULL, NULL);
INSERT INTO users (id, email, first_name, last_name, profile_image_url, role, created_at, updated_at, phone, deleted_at, deleted_by, client_id) VALUES ('50135798', 'sebo8711@gmail.com', 'Sebastian', 'Turyk', NULL, 'driver', '2025-11-23T21:30:39.400Z', '2026-01-18T20:12:06.973Z', NULL, NULL, NULL, NULL);
INSERT INTO users (id, email, first_name, last_name, profile_image_url, role, created_at, updated_at, phone, deleted_at, deleted_by, client_id) VALUES ('50151066', 'carlosnorton538@gmail.com', 'Carlos', 'Norton', NULL, 'driver', '2025-11-24T08:09:18.314Z', '2026-01-12T14:22:34.229Z', NULL, NULL, NULL, NULL);
INSERT INTO users (id, email, first_name, last_name, profile_image_url, role, created_at, updated_at, phone, deleted_at, deleted_by, client_id) VALUES ('50153944', 'lala_2000@live.co.uk', 'Geoffrey', 'Armstrong', NULL, 'driver', '2025-11-24T16:10:37.029Z', '2025-11-25T08:41:47.049Z', NULL, NULL, NULL, NULL);
INSERT INTO users (id, email, first_name, last_name, profile_image_url, role, created_at, updated_at, phone, deleted_at, deleted_by, client_id) VALUES ('50154107', 'matrydlich@gmail.com', 'Mateusz', 'Rydlichowski', NULL, 'driver', '2025-11-24T08:57:49.939Z', '2025-12-15T11:06:48.958Z', NULL, NULL, NULL, NULL);
INSERT INTO users (id, email, first_name, last_name, profile_image_url, role, created_at, updated_at, phone, deleted_at, deleted_by, client_id) VALUES ('51017052', 'cappabrioche1976@gmail.com', 'Jalal', 'Ameziane', NULL, 'driver', '2025-12-08T12:35:34.192Z', '2026-01-12T14:22:21.301Z', NULL, NULL, NULL, NULL);
INSERT INTO users (id, email, first_name, last_name, profile_image_url, role, created_at, updated_at, phone, deleted_at, deleted_by, client_id) VALUES ('52584360', 'jennifer.pickering05@outlook.com', 'Jennifer', 'Pickering', NULL, 'driver', '2026-01-06T13:26:33.358Z', '2026-01-12T16:41:04.286Z', NULL, NULL, NULL, NULL);

-- Tábla: clients
-- Rekordok száma: 4

INSERT INTO clients (id, company_name, contact_name, email, phone, notes, created_at, updated_at, deleted_at, deleted_by, minimum_billable_hours) VALUES ('05cf6edb-7814-4212-8375-77d4b03775e4', 'Poundstretcher', 'Richard Palmer', 'richard.palmer@poundstretcher.co.uk', '01164825192', NULL, '2025-11-25T08:34:41.745Z', '2025-11-25T08:34:41.745Z', NULL, NULL, 8);
INSERT INTO clients (id, company_name, contact_name, email, phone, notes, created_at, updated_at, deleted_at, deleted_by, minimum_billable_hours) VALUES ('2043a4c2-171a-47f0-90cb-65fdbc1ec653', 'Mawby and King', 'Adrian Chlebowski', 'Adrian.Chlebowski@mawbyandking.co.uk', '01162 046010', NULL, '2025-12-05T08:48:16.971Z', '2025-12-05T08:48:16.971Z', NULL, NULL, 8);
INSERT INTO clients (id, company_name, contact_name, email, phone, notes, created_at, updated_at, deleted_at, deleted_by, minimum_billable_hours) VALUES ('5c5e22e1-60eb-4707-a9bb-5412a59a1007', 'Casepak', 'Lee Gretton', 'leegretton@casepak.co.uk', '01162 867772', NULL, '2025-12-05T08:46:54.867Z', '2025-12-05T08:46:54.867Z', NULL, NULL, 8);
INSERT INTO clients (id, company_name, contact_name, email, phone, notes, created_at, updated_at, deleted_at, deleted_by, minimum_billable_hours) VALUES ('b2cc043a-fb5f-4a70-9214-6623a3fe5935', 'Driving Limited', 'Maja Wojtaszko', 'maja@acceptrec.co.uk', '', '', '2026-01-06T13:22:12.910Z', '2026-01-08T23:52:59.994Z', NULL, NULL, 8);

-- Tábla: sessions
-- Rekordok száma: 5

INSERT INTO sessions (sid, sess, expire) VALUES ('-Yq8aQ1Xvqmgf_JnaofsWeiBmMTesslI', '{"cookie":{"path":"/","secure":true,"expires":"2026-01-25T14:08:52.281Z","httpOnly":true,"originalMaxAge":604800000},"passport":{"user":{"claims":{"aud":"80e2c831-f031-4bfe-9802-76441220b6f1","exp":1768748932,"iat":1768745332,"iss":"https://replit.com/oidc","sub":"50151066","email":"carlosnorton538@gmail.com","at_hash":"YRcTVfdJ-_h-Ru4YdMKkRg","username":"carlosnorton538","auth_time":1768150943,"last_name":null,"first_name":null},"expires_at":1768748932,"access_token":"5M2mlZr5v6YBvKETBvEIm0jvDDdw8mpvXUkOPmdZJub","refresh_token":"9PUgJk1BkMlY38n0jPJAQ5-0vqNyTz6SfqvSMXu6wZe"}}}', '2026-02-01T03:52:53.000Z');
INSERT INTO sessions (sid, sess, expire) VALUES ('70KT6y9-jRyx0BlxRzZSQSPFktcUC2B1', '{"cookie":{"path":"/","secure":true,"expires":"2026-01-28T07:57:08.293Z","httpOnly":true,"originalMaxAge":604800000},"passport":{"user":{"claims":{"aud":"80e2c831-f031-4bfe-9802-76441220b6f1","exp":1768985828,"iat":1768982228,"iss":"https://replit.com/oidc","sub":"49954960","email":"marcin.bogi@gmail.com","at_hash":"3oOJ_DZ27Aof-TxE-gM1aA","username":"marcinboginczuk","auth_time":1768714610,"last_name":"Boginczuk","first_name":"Marcin"},"expires_at":1768985828,"access_token":"4DBV3vgITCmfOly9DQzTo_DeX76M2tfpJhg84XsdsPB","refresh_token":"u5H9OkTnzVVRMe3gIptajYM-lTU9vmY--uNUwi2rn62"}}}', '2026-01-28T07:57:10.000Z');
INSERT INTO sessions (sid, sess, expire) VALUES ('cBJFPhsObIiVk6e33vKN5_eInwntaxJw', '{"cookie":{"path":"/","secure":true,"expires":"2026-01-31T02:58:28.592Z","httpOnly":true,"originalMaxAge":604800000},"replit.com":{"code_verifier":"zGpbKoxykitgkLKR6EofA_WcgjowrZ_TLNANjxMBGVg"}}', '2026-01-31T02:58:29.000Z');
INSERT INTO sessions (sid, sess, expire) VALUES ('sV8xLLRpCmvhgdPN6_lPkvfv_79hQekG', '{"cookie":{"path":"/","secure":true,"expires":"2026-01-26T14:51:50.858Z","httpOnly":true,"originalMaxAge":604800000},"passport":{"user":{"claims":{"aud":"80e2c831-f031-4bfe-9802-76441220b6f1","exp":1768837910,"iat":1768834310,"iss":"https://replit.com/oidc","sub":"50135798","email":"sebo8711@gmail.com","at_hash":"PXHA5khlPMfncfu6kjoSXA","username":"sebo8711","auth_time":1768767125,"last_name":"Turyk","first_name":"Sebastian"},"expires_at":1768837910,"access_token":"tTwFuyHm72bFMKydVwZXCFt6eSNrzq2--z_yRFK0KSv","refresh_token":"l7uwpRvB4YgxfUEinu8P1HmuGSTsvR-uQnZbMD317MB"}}}', '2026-01-26T14:53:11.000Z');
INSERT INTO sessions (sid, sess, expire) VALUES ('szWsdfMLIkRlEeXS4CqOkDDaw5EbzWlI', '{"cookie":{"path":"/","secure":true,"expires":"2026-01-29T08:27:36.256Z","httpOnly":true,"originalMaxAge":604800000},"passport":{"user":{"claims":{"aud":"80e2c831-f031-4bfe-9802-76441220b6f1","exp":1769074055,"iat":1769070455,"iss":"https://replit.com/oidc","sub":"49100996","email":"maja@acceptrec.co.uk","at_hash":"NxhMUwyTqN-03ms5y8Ijhg","username":"maja53","auth_time":1769070454,"last_name":null,"first_name":null},"expires_at":1769074055,"access_token":"SRv07ixL2ytrEOl6uHuERUMwoVLzINFFIutjLVJG_Io","refresh_token":"8_JGArW-Ke_CJzTvZuxpHgh4xJDhRzcmtSnNwyTE1wV"}}}', '2026-01-29T08:30:55.000Z');

-- Nincs adat a 'rosters' táblához

-- Tábla: approval_batches
-- Rekordok száma: 4

INSERT INTO approval_batches (id, client_name, week_start_date, approval_token, approval_token_expiry, status, created_by, created_at, updated_at, client_id, sent_to_email, sent_at) VALUES ('096b06c4-a6e3-42e1-8719-81ce78a06b43', 'Driving Limited', '2026-01-04', '69f54fdf143c02558a5bc09109de3f631150d601684a0a1b9a439b6d4e0ed8bd', '2026-01-13T13:41:39.520Z', 'approved', '49100996', '2026-01-06T13:41:39.537Z', '2026-01-06T13:46:33.071Z', NULL, NULL, NULL);
INSERT INTO approval_batches (id, client_name, week_start_date, approval_token, approval_token_expiry, status, created_by, created_at, updated_at, client_id, sent_to_email, sent_at) VALUES ('18106d6f-9ef8-4a55-baaa-aeb53a8a6580', 'Mawby and King', '2025-11-30', '0acc8428d6910bb8ecccefd110390411ad82aa31289b693b21820e8f835cacd6', '2025-12-12T09:24:06.190Z', 'partial', '49100996', '2025-12-05T09:24:06.209Z', '2025-12-05T09:58:46.771Z', NULL, NULL, NULL);
INSERT INTO approval_batches (id, client_name, week_start_date, approval_token, approval_token_expiry, status, created_by, created_at, updated_at, client_id, sent_to_email, sent_at) VALUES ('d00a1696-fb62-4b40-a06c-58410f5802ce', 'Poundstretcher', '2025-11-16', '8a8dc255c23fadf84603e4309f75202178a9e17c3aa9047a452017246c505a98', '2025-12-02T08:40:46.897Z', 'pending', '49100996', '2025-11-25T08:40:46.915Z', '2025-11-25T08:53:05.415Z', NULL, NULL, NULL);
INSERT INTO approval_batches (id, client_name, week_start_date, approval_token, approval_token_expiry, status, created_by, created_at, updated_at, client_id, sent_to_email, sent_at) VALUES ('ebda1979-556c-40ec-af45-8e156eb53e5e', 'Driving Limited', '2026-01-04', 'e61e00ad1adfa11ad757ca8c38718b4b5801e834140b7b5919b807676833018b', '2026-01-15T19:33:11.020Z', 'pending', '49070627', '2026-01-08T19:33:11.039Z', '2026-01-08T19:33:11.039Z', NULL, NULL, NULL);

-- Tábla: timesheets
-- Rekordok száma: 40

INSERT INTO timesheets (id, user_id, driver_name, week_start_date, approval_status, client_approved_at, client_approved_by, client_comments, monday_client, monday_start, monday_end, monday_break, monday_poa, monday_other_work, monday_total, monday_review, tuesday_client, tuesday_start, tuesday_end, tuesday_break, tuesday_poa, tuesday_other_work, tuesday_total, tuesday_review, wednesday_client, wednesday_start, wednesday_end, wednesday_break, wednesday_poa, wednesday_other_work, wednesday_total, wednesday_review, thursday_client, thursday_start, thursday_end, thursday_break, thursday_poa, thursday_other_work, thursday_total, thursday_review, friday_client, friday_start, friday_end, friday_break, friday_poa, friday_other_work, friday_total, friday_review, saturday_client, saturday_start, saturday_end, saturday_break, saturday_poa, saturday_other_work, saturday_total, saturday_review, sunday_client, sunday_start, sunday_end, sunday_break, sunday_poa, sunday_other_work, sunday_total, sunday_review, created_at, updated_at, batch_id, client_rating, client_modifications, driver_rating, driver_comments, monday_night_out, monday_expense_amount, monday_expense_receipt, tuesday_night_out, tuesday_expense_amount, tuesday_expense_receipt, wednesday_night_out, wednesday_expense_amount, wednesday_expense_receipt, thursday_night_out, thursday_expense_amount, thursday_expense_receipt, friday_night_out, friday_expense_amount, friday_expense_receipt, saturday_night_out, saturday_expense_amount, saturday_expense_receipt, sunday_night_out, sunday_expense_amount, sunday_expense_receipt, monday_driver_rating, monday_driver_comments, tuesday_driver_rating, tuesday_driver_comments, wednesday_driver_rating, wednesday_driver_comments, thursday_driver_rating, thursday_driver_comments, friday_driver_rating, friday_driver_comments, saturday_driver_rating, saturday_driver_comments, sunday_driver_rating, sunday_driver_comments, created_by_client, deleted_at, deleted_by, billable_hours_by_day) VALUES ('051d1c81-22af-4d85-b65c-50fd0ba30326', '50154107', 'Mateusz Rydlichowski', '2025-11-30', 'rejected', '2025-12-05T09:58:46.506Z', 'Adrian Chlebowski', 'The driver working for us between 6:00 till 18:15. Thank you.', '', '', '', '', '0', '0', '0', '', 'Mawby and King', '06:00', '17:45', '45', '0', '0', '11.00', '', '', '', '', '', '0', '0', '0', '', '', '', '', '', '0', '0', '0', '', '', '', '', '', '0', '0', '0', '', '', '', '', '', '0', '0', '0', '', '', '', '', '', '0', '0', '0', '', '2025-12-05T09:00:26.225Z', '2025-12-05T09:58:46.506Z', '18106d6f-9ef8-4a55-baaa-aeb53a8a6580', 10, NULL, NULL, NULL, 'false', '', '', 'false', '', '', 'false', '', '', 'false', '', '', 'false', '', '', 'false', '', '', 'false', '', '', NULL, '', NULL, '', NULL, '', NULL, '', NULL, '', NULL, '', NULL, '', NULL, NULL, NULL, NULL);
INSERT INTO timesheets (id, user_id, driver_name, week_start_date, approval_status, client_approved_at, client_approved_by, client_comments, monday_client, monday_start, monday_end, monday_break, monday_poa, monday_other_work, monday_total, monday_review, tuesday_client, tuesday_start, tuesday_end, tuesday_break, tuesday_poa, tuesday_other_work, tuesday_total, tuesday_review, wednesday_client, wednesday_start, wednesday_end, wednesday_break, wednesday_poa, wednesday_other_work, wednesday_total, wednesday_review, thursday_client, thursday_start, thursday_end, thursday_break, thursday_poa, thursday_other_work, thursday_total, thursday_review, friday_client, friday_start, friday_end, friday_break, friday_poa, friday_other_work, friday_total, friday_review, saturday_client, saturday_start, saturday_end, saturday_break, saturday_poa, saturday_other_work, saturday_total, saturday_review, sunday_client, sunday_start, sunday_end, sunday_break, sunday_poa, sunday_other_work, sunday_total, sunday_review, created_at, updated_at, batch_id, client_rating, client_modifications, driver_rating, driver_comments, monday_night_out, monday_expense_amount, monday_expense_receipt, tuesday_night_out, tuesday_expense_amount, tuesday_expense_receipt, wednesday_night_out, wednesday_expense_amount, wednesday_expense_receipt, thursday_night_out, thursday_expense_amount, thursday_expense_receipt, friday_night_out, friday_expense_amount, friday_expense_receipt, saturday_night_out, saturday_expense_amount, saturday_expense_receipt, sunday_night_out, sunday_expense_amount, sunday_expense_receipt, monday_driver_rating, monday_driver_comments, tuesday_driver_rating, tuesday_driver_comments, wednesday_driver_rating, wednesday_driver_comments, thursday_driver_rating, thursday_driver_comments, friday_driver_rating, friday_driver_comments, saturday_driver_rating, saturday_driver_comments, sunday_driver_rating, sunday_driver_comments, created_by_client, deleted_at, deleted_by, billable_hours_by_day) VALUES ('b678453d-5e2f-4c69-a2d2-b9c31d9b35d2', '50153944', 'Lala 2000', '2025-11-16', 'rejected', '2025-11-25T08:53:05.233Z', 'Richard ', 'in correct name ', '', '', '', '', '0', '0', '0', '', 'Poundstretcher', '05:15', '13:15', '00:00', '0', '0', '8.00', '', '', '', '', '', '0', '0', '0', '', '', '', '', '', '0', '0', '0', '', 'Poundstretcher', '05:15', '13:15', '00:00', '0', '0', '8.00', '', '', '', '', '', '0', '0', '0', '', '', '', '', '', '0', '0', '0', '', '2025-11-25T08:18:14.136Z', '2025-11-25T08:53:05.233Z', 'd00a1696-fb62-4b40-a06c-58410f5802ce', 2, NULL, NULL, NULL, 'false', '', '', 'false', '', '', 'false', '', '', 'false', '', '', 'false', '', '', 'false', '', '', 'false', '', '', NULL, '', NULL, '', NULL, '', NULL, '', NULL, '', NULL, '', NULL, '', NULL, NULL, NULL, NULL);
INSERT INTO timesheets (id, user_id, driver_name, week_start_date, approval_status, client_approved_at, client_approved_by, client_comments, monday_client, monday_start, monday_end, monday_break, monday_poa, monday_other_work, monday_total, monday_review, tuesday_client, tuesday_start, tuesday_end, tuesday_break, tuesday_poa, tuesday_other_work, tuesday_total, tuesday_review, wednesday_client, wednesday_start, wednesday_end, wednesday_break, wednesday_poa, wednesday_other_work, wednesday_total, wednesday_review, thursday_client, thursday_start, thursday_end, thursday_break, thursday_poa, thursday_other_work, thursday_total, thursday_review, friday_client, friday_start, friday_end, friday_break, friday_poa, friday_other_work, friday_total, friday_review, saturday_client, saturday_start, saturday_end, saturday_break, saturday_poa, saturday_other_work, saturday_total, saturday_review, sunday_client, sunday_start, sunday_end, sunday_break, sunday_poa, sunday_other_work, sunday_total, sunday_review, created_at, updated_at, batch_id, client_rating, client_modifications, driver_rating, driver_comments, monday_night_out, monday_expense_amount, monday_expense_receipt, tuesday_night_out, tuesday_expense_amount, tuesday_expense_receipt, wednesday_night_out, wednesday_expense_amount, wednesday_expense_receipt, thursday_night_out, thursday_expense_amount, thursday_expense_receipt, friday_night_out, friday_expense_amount, friday_expense_receipt, saturday_night_out, saturday_expense_amount, saturday_expense_receipt, sunday_night_out, sunday_expense_amount, sunday_expense_receipt, monday_driver_rating, monday_driver_comments, tuesday_driver_rating, tuesday_driver_comments, wednesday_driver_rating, wednesday_driver_comments, thursday_driver_rating, thursday_driver_comments, friday_driver_rating, friday_driver_comments, saturday_driver_rating, saturday_driver_comments, sunday_driver_rating, sunday_driver_comments, created_by_client, deleted_at, deleted_by, billable_hours_by_day) VALUES ('8dd4ea71-77b6-48aa-ac3f-8e109d2d21b1', '50135798', 'Sebastian Turyk', '2025-11-16', 'rejected', '2025-11-25T08:52:35.506Z', 'Richard ', 'not completed hours ', 'Poundstretcher', '05:30', '14:30', '00:45', '0', '0', '8.25', '', 'Poundstretcher', '05:30', '14:30', '00:45', '0', '0', '8.25', '', 'Poundstretcher', '05:30', '16:30', '00:45', '0', '0', '10.25', '', 'Poundstretcher', '05:30', '14:30', '00:45', '0', '0', '8.25', '', 'Poundstretcher', '05:30', '14:30', '00:45', '0', '0', '8.25', '', '', '', '', '', '0', '0', '0', '', '', '', '', '', '0', '0', '0', '', '2025-11-24T08:21:21.185Z', '2025-11-25T08:52:35.506Z', 'd00a1696-fb62-4b40-a06c-58410f5802ce', 9, NULL, NULL, NULL, 'false', '', '', 'false', '', '', 'false', '', '', 'false', '', '', 'false', '', '', 'false', '', '', 'false', '', '', NULL, '', NULL, '', NULL, '', NULL, '', NULL, '', NULL, '', NULL, '', NULL, NULL, NULL, NULL);
INSERT INTO timesheets (id, user_id, driver_name, week_start_date, approval_status, client_approved_at, client_approved_by, client_comments, monday_client, monday_start, monday_end, monday_break, monday_poa, monday_other_work, monday_total, monday_review, tuesday_client, tuesday_start, tuesday_end, tuesday_break, tuesday_poa, tuesday_other_work, tuesday_total, tuesday_review, wednesday_client, wednesday_start, wednesday_end, wednesday_break, wednesday_poa, wednesday_other_work, wednesday_total, wednesday_review, thursday_client, thursday_start, thursday_end, thursday_break, thursday_poa, thursday_other_work, thursday_total, thursday_review, friday_client, friday_start, friday_end, friday_break, friday_poa, friday_other_work, friday_total, friday_review, saturday_client, saturday_start, saturday_end, saturday_break, saturday_poa, saturday_other_work, saturday_total, saturday_review, sunday_client, sunday_start, sunday_end, sunday_break, sunday_poa, sunday_other_work, sunday_total, sunday_review, created_at, updated_at, batch_id, client_rating, client_modifications, driver_rating, driver_comments, monday_night_out, monday_expense_amount, monday_expense_receipt, tuesday_night_out, tuesday_expense_amount, tuesday_expense_receipt, wednesday_night_out, wednesday_expense_amount, wednesday_expense_receipt, thursday_night_out, thursday_expense_amount, thursday_expense_receipt, friday_night_out, friday_expense_amount, friday_expense_receipt, saturday_night_out, saturday_expense_amount, saturday_expense_receipt, sunday_night_out, sunday_expense_amount, sunday_expense_receipt, monday_driver_rating, monday_driver_comments, tuesday_driver_rating, tuesday_driver_comments, wednesday_driver_rating, wednesday_driver_comments, thursday_driver_rating, thursday_driver_comments, friday_driver_rating, friday_driver_comments, saturday_driver_rating, saturday_driver_comments, sunday_driver_rating, sunday_driver_comments, created_by_client, deleted_at, deleted_by, billable_hours_by_day) VALUES ('0f055b0f-b292-40b5-88c2-430831ad8243', '50154107', 'Matrydlich Mateusz', '2025-11-23', 'draft', NULL, NULL, NULL, '', '', '', '', '0', '0', '0', '', '', '', '', '', '0', '0', '0', '', '', '', '', '', '0', '0', '0', '', 'Poundstretcher', '05:30', '15:00', '30', '0', '0', '9.00', '', '', '', '', '', '0', '0', '0', '', '', '', '', '', '0', '0', '0', '', '', '', '', '', '0', '0', '0', '', '2025-12-01T09:05:35.387Z', '2025-12-01T09:05:35.387Z', NULL, NULL, NULL, NULL, NULL, 'false', '', '', 'false', '', '', 'false', '', '', 'false', '', '', 'false', '', '', 'false', '', '', 'false', '', '', NULL, '', NULL, '', NULL, '', NULL, '', NULL, '', NULL, '', NULL, '', NULL, NULL, NULL, NULL);
INSERT INTO timesheets (id, user_id, driver_name, week_start_date, approval_status, client_approved_at, client_approved_by, client_comments, monday_client, monday_start, monday_end, monday_break, monday_poa, monday_other_work, monday_total, monday_review, tuesday_client, tuesday_start, tuesday_end, tuesday_break, tuesday_poa, tuesday_other_work, tuesday_total, tuesday_review, wednesday_client, wednesday_start, wednesday_end, wednesday_break, wednesday_poa, wednesday_other_work, wednesday_total, wednesday_review, thursday_client, thursday_start, thursday_end, thursday_break, thursday_poa, thursday_other_work, thursday_total, thursday_review, friday_client, friday_start, friday_end, friday_break, friday_poa, friday_other_work, friday_total, friday_review, saturday_client, saturday_start, saturday_end, saturday_break, saturday_poa, saturday_other_work, saturday_total, saturday_review, sunday_client, sunday_start, sunday_end, sunday_break, sunday_poa, sunday_other_work, sunday_total, sunday_review, created_at, updated_at, batch_id, client_rating, client_modifications, driver_rating, driver_comments, monday_night_out, monday_expense_amount, monday_expense_receipt, tuesday_night_out, tuesday_expense_amount, tuesday_expense_receipt, wednesday_night_out, wednesday_expense_amount, wednesday_expense_receipt, thursday_night_out, thursday_expense_amount, thursday_expense_receipt, friday_night_out, friday_expense_amount, friday_expense_receipt, saturday_night_out, saturday_expense_amount, saturday_expense_receipt, sunday_night_out, sunday_expense_amount, sunday_expense_receipt, monday_driver_rating, monday_driver_comments, tuesday_driver_rating, tuesday_driver_comments, wednesday_driver_rating, wednesday_driver_comments, thursday_driver_rating, thursday_driver_comments, friday_driver_rating, friday_driver_comments, saturday_driver_rating, saturday_driver_comments, sunday_driver_rating, sunday_driver_comments, created_by_client, deleted_at, deleted_by, billable_hours_by_day) VALUES ('d315f35f-27c6-4d62-a196-251c9cf96d27', '50151066', 'Carlosnorton538 User Thanks', '2025-11-23', 'draft', NULL, NULL, NULL, '', '', '', '', '0', '0', '0', '', '', '', '', '', '0', '0', '0', '', '', '05:30', '14:30', '45', '0', '0', '8.25', '', '', '', '', '', '0', '0', '0', '', '', '', '', '', '0', '0', '0', '', '', '', '', '', '0', '0', '0', '', 'Week 28', '', '', '', '0', '0', '0', '', '2025-12-01T09:09:18.458Z', '2025-12-01T09:09:18.458Z', NULL, NULL, NULL, NULL, NULL, 'false', '', '', 'false', '', '', 'false', '', '', 'false', '', '', 'false', '', '', 'false', '', '', 'false', '', '', NULL, '', NULL, '', NULL, '', NULL, '', NULL, '', NULL, '', NULL, '', NULL, NULL, NULL, NULL);
INSERT INTO timesheets (id, user_id, driver_name, week_start_date, approval_status, client_approved_at, client_approved_by, client_comments, monday_client, monday_start, monday_end, monday_break, monday_poa, monday_other_work, monday_total, monday_review, tuesday_client, tuesday_start, tuesday_end, tuesday_break, tuesday_poa, tuesday_other_work, tuesday_total, tuesday_review, wednesday_client, wednesday_start, wednesday_end, wednesday_break, wednesday_poa, wednesday_other_work, wednesday_total, wednesday_review, thursday_client, thursday_start, thursday_end, thursday_break, thursday_poa, thursday_other_work, thursday_total, thursday_review, friday_client, friday_start, friday_end, friday_break, friday_poa, friday_other_work, friday_total, friday_review, saturday_client, saturday_start, saturday_end, saturday_break, saturday_poa, saturday_other_work, saturday_total, saturday_review, sunday_client, sunday_start, sunday_end, sunday_break, sunday_poa, sunday_other_work, sunday_total, sunday_review, created_at, updated_at, batch_id, client_rating, client_modifications, driver_rating, driver_comments, monday_night_out, monday_expense_amount, monday_expense_receipt, tuesday_night_out, tuesday_expense_amount, tuesday_expense_receipt, wednesday_night_out, wednesday_expense_amount, wednesday_expense_receipt, thursday_night_out, thursday_expense_amount, thursday_expense_receipt, friday_night_out, friday_expense_amount, friday_expense_receipt, saturday_night_out, saturday_expense_amount, saturday_expense_receipt, sunday_night_out, sunday_expense_amount, sunday_expense_receipt, monday_driver_rating, monday_driver_comments, tuesday_driver_rating, tuesday_driver_comments, wednesday_driver_rating, wednesday_driver_comments, thursday_driver_rating, thursday_driver_comments, friday_driver_rating, friday_driver_comments, saturday_driver_rating, saturday_driver_comments, sunday_driver_rating, sunday_driver_comments, created_by_client, deleted_at, deleted_by, billable_hours_by_day) VALUES ('f60b27c1-16af-4da4-87ca-934d780ec339', '50135798', 'Sebastian Turyk', '2025-11-16', 'draft', NULL, NULL, NULL, 'Poundstretcher ', '05:30', '14:30', '11:00', '0', '0', '0', '', 'Poundstretcher ', '05:30', '14:30', '11:00', '0', '0', '0', '', 'Poundstretcher ', '05:30', '16:30', '11:00', '0', '0', '0.00', '', 'Poundstretcher ', '05:30', '14:30', '10:30', '0', '0', '0', '', 'Poundstretcher ', '05:30', '14:30', '11:00', '0', '0', '0', '', '', '', '', '', '0', '0', '0', '', '', '', '', '', '0', '0', '0', '', '2025-11-24T08:26:16.031Z', '2025-11-25T08:30:50.378Z', NULL, NULL, NULL, NULL, NULL, 'false', '', '', 'false', '', '', 'false', '', '', 'false', '', '', 'false', '', '', 'false', '', '', 'false', '', '', NULL, '', NULL, '', NULL, '', NULL, '', NULL, '', NULL, '', NULL, '', NULL, '2025-11-25T08:30:50.378Z', '49100996', NULL);
INSERT INTO timesheets (id, user_id, driver_name, week_start_date, approval_status, client_approved_at, client_approved_by, client_comments, monday_client, monday_start, monday_end, monday_break, monday_poa, monday_other_work, monday_total, monday_review, tuesday_client, tuesday_start, tuesday_end, tuesday_break, tuesday_poa, tuesday_other_work, tuesday_total, tuesday_review, wednesday_client, wednesday_start, wednesday_end, wednesday_break, wednesday_poa, wednesday_other_work, wednesday_total, wednesday_review, thursday_client, thursday_start, thursday_end, thursday_break, thursday_poa, thursday_other_work, thursday_total, thursday_review, friday_client, friday_start, friday_end, friday_break, friday_poa, friday_other_work, friday_total, friday_review, saturday_client, saturday_start, saturday_end, saturday_break, saturday_poa, saturday_other_work, saturday_total, saturday_review, sunday_client, sunday_start, sunday_end, sunday_break, sunday_poa, sunday_other_work, sunday_total, sunday_review, created_at, updated_at, batch_id, client_rating, client_modifications, driver_rating, driver_comments, monday_night_out, monday_expense_amount, monday_expense_receipt, tuesday_night_out, tuesday_expense_amount, tuesday_expense_receipt, wednesday_night_out, wednesday_expense_amount, wednesday_expense_receipt, thursday_night_out, thursday_expense_amount, thursday_expense_receipt, friday_night_out, friday_expense_amount, friday_expense_receipt, saturday_night_out, saturday_expense_amount, saturday_expense_receipt, sunday_night_out, sunday_expense_amount, sunday_expense_receipt, monday_driver_rating, monday_driver_comments, tuesday_driver_rating, tuesday_driver_comments, wednesday_driver_rating, wednesday_driver_comments, thursday_driver_rating, thursday_driver_comments, friday_driver_rating, friday_driver_comments, saturday_driver_rating, saturday_driver_comments, sunday_driver_rating, sunday_driver_comments, created_by_client, deleted_at, deleted_by, billable_hours_by_day) VALUES ('e54a259c-ae1a-4db7-859b-b88dcd2c8fda', '49954960', 'Marcin Boginczuk', '2025-11-16', 'draft', NULL, NULL, NULL, 'Poundstretcher ', '05:30', '14:00', '00:30', '0', '2', '8.00', '', '', '', '', '', '0', '0', '0', '', '', '', '', '', '0', '0', '0', '', '', '', '', '', '0', '0', '0', '', '', '', '', '', '0', '0', '0', '', '', '', '', '', '0', '0', '0', '', '', '', '', '', '0', '0', '0', '', '2025-11-20T13:47:31.631Z', '2025-11-25T08:31:03.030Z', NULL, NULL, NULL, NULL, NULL, 'false', '', '', 'false', '', '', 'false', '', '', 'false', '', '', 'false', '', '', 'false', '', '', 'false', '', '', NULL, '', NULL, '', NULL, '', NULL, '', NULL, '', NULL, '', NULL, '', NULL, '2025-11-25T08:31:03.030Z', '49100996', NULL);
INSERT INTO timesheets (id, user_id, driver_name, week_start_date, approval_status, client_approved_at, client_approved_by, client_comments, monday_client, monday_start, monday_end, monday_break, monday_poa, monday_other_work, monday_total, monday_review, tuesday_client, tuesday_start, tuesday_end, tuesday_break, tuesday_poa, tuesday_other_work, tuesday_total, tuesday_review, wednesday_client, wednesday_start, wednesday_end, wednesday_break, wednesday_poa, wednesday_other_work, wednesday_total, wednesday_review, thursday_client, thursday_start, thursday_end, thursday_break, thursday_poa, thursday_other_work, thursday_total, thursday_review, friday_client, friday_start, friday_end, friday_break, friday_poa, friday_other_work, friday_total, friday_review, saturday_client, saturday_start, saturday_end, saturday_break, saturday_poa, saturday_other_work, saturday_total, saturday_review, sunday_client, sunday_start, sunday_end, sunday_break, sunday_poa, sunday_other_work, sunday_total, sunday_review, created_at, updated_at, batch_id, client_rating, client_modifications, driver_rating, driver_comments, monday_night_out, monday_expense_amount, monday_expense_receipt, tuesday_night_out, tuesday_expense_amount, tuesday_expense_receipt, wednesday_night_out, wednesday_expense_amount, wednesday_expense_receipt, thursday_night_out, thursday_expense_amount, thursday_expense_receipt, friday_night_out, friday_expense_amount, friday_expense_receipt, saturday_night_out, saturday_expense_amount, saturday_expense_receipt, sunday_night_out, sunday_expense_amount, sunday_expense_receipt, monday_driver_rating, monday_driver_comments, tuesday_driver_rating, tuesday_driver_comments, wednesday_driver_rating, wednesday_driver_comments, thursday_driver_rating, thursday_driver_comments, friday_driver_rating, friday_driver_comments, saturday_driver_rating, saturday_driver_comments, sunday_driver_rating, sunday_driver_comments, created_by_client, deleted_at, deleted_by, billable_hours_by_day) VALUES ('c5be1dcc-768c-4ec3-8acb-6f55e1ef1ebc', '49954960', 'Marcin Boginczuk', '2025-11-23', 'draft', NULL, NULL, NULL, 'Poundstretcher', '05:15', '15:45', '45', '0', '0', '9.75', '', 'Poundstretcher', '05:30', '18:15', '45', '0', '0', '12.00', '', 'Off', '', '', '', '0', '0', '0', '', 'Poundstretcher', '05:15', '14:00', '45', '0', '0', '8.00', '', 'Poundstretcher', '05:15', '15:30', '45', '0', '0', '9.50', '', 'Off', '', '', '', '0', '0', '0', '', 'Off', '', '', '', '0', '0', '0', '', '2025-12-01T16:12:54.007Z', '2025-12-01T16:12:54.007Z', NULL, NULL, NULL, NULL, NULL, 'false', '', '', 'false', '', '', 'false', '', '', 'false', '', '', 'false', '', '', 'false', '', '', 'false', '', '', NULL, '', NULL, '', NULL, '', NULL, '', NULL, '', NULL, '', NULL, '', NULL, NULL, NULL, NULL);
INSERT INTO timesheets (id, user_id, driver_name, week_start_date, approval_status, client_approved_at, client_approved_by, client_comments, monday_client, monday_start, monday_end, monday_break, monday_poa, monday_other_work, monday_total, monday_review, tuesday_client, tuesday_start, tuesday_end, tuesday_break, tuesday_poa, tuesday_other_work, tuesday_total, tuesday_review, wednesday_client, wednesday_start, wednesday_end, wednesday_break, wednesday_poa, wednesday_other_work, wednesday_total, wednesday_review, thursday_client, thursday_start, thursday_end, thursday_break, thursday_poa, thursday_other_work, thursday_total, thursday_review, friday_client, friday_start, friday_end, friday_break, friday_poa, friday_other_work, friday_total, friday_review, saturday_client, saturday_start, saturday_end, saturday_break, saturday_poa, saturday_other_work, saturday_total, saturday_review, sunday_client, sunday_start, sunday_end, sunday_break, sunday_poa, sunday_other_work, sunday_total, sunday_review, created_at, updated_at, batch_id, client_rating, client_modifications, driver_rating, driver_comments, monday_night_out, monday_expense_amount, monday_expense_receipt, tuesday_night_out, tuesday_expense_amount, tuesday_expense_receipt, wednesday_night_out, wednesday_expense_amount, wednesday_expense_receipt, thursday_night_out, thursday_expense_amount, thursday_expense_receipt, friday_night_out, friday_expense_amount, friday_expense_receipt, saturday_night_out, saturday_expense_amount, saturday_expense_receipt, sunday_night_out, sunday_expense_amount, sunday_expense_receipt, monday_driver_rating, monday_driver_comments, tuesday_driver_rating, tuesday_driver_comments, wednesday_driver_rating, wednesday_driver_comments, thursday_driver_rating, thursday_driver_comments, friday_driver_rating, friday_driver_comments, saturday_driver_rating, saturday_driver_comments, sunday_driver_rating, sunday_driver_comments, created_by_client, deleted_at, deleted_by, billable_hours_by_day) VALUES ('1dba570a-8aeb-4f78-ac19-7a101fdd965d', '49954960', 'Marcin Boginczuk', '2025-11-30', 'draft', NULL, NULL, NULL, 'Poundstretcher', '05:15', '15:45', '45', '0', '0', '9.75', '', 'Poundstretcher', '05:30', '18:15', '45', '0', '0', '12.00', '', 'Off', '', '', '', '0', '0', '0', '', 'Poundstretcher', '05:15', '14:00', '45', '0', '0', '8.00', '', 'Poundstretcher', '05:15', '15:30', '45', '0', '0', '9.50', '', 'Off', '', '', '', '0', '0', '0', '', 'Off', '', '', '', '0', '0', '0', '', '2025-11-30T15:26:18.091Z', '2025-12-02T09:18:15.321Z', NULL, NULL, NULL, NULL, NULL, 'false', '', '', 'false', '', '', 'false', '', '', 'false', '', '', 'false', '', '', 'false', '', '', 'false', '', '', NULL, '', NULL, '', NULL, '', NULL, '', NULL, '', NULL, '', NULL, '', NULL, '2025-12-02T09:18:15.321Z', '49100996', NULL);
INSERT INTO timesheets (id, user_id, driver_name, week_start_date, approval_status, client_approved_at, client_approved_by, client_comments, monday_client, monday_start, monday_end, monday_break, monday_poa, monday_other_work, monday_total, monday_review, tuesday_client, tuesday_start, tuesday_end, tuesday_break, tuesday_poa, tuesday_other_work, tuesday_total, tuesday_review, wednesday_client, wednesday_start, wednesday_end, wednesday_break, wednesday_poa, wednesday_other_work, wednesday_total, wednesday_review, thursday_client, thursday_start, thursday_end, thursday_break, thursday_poa, thursday_other_work, thursday_total, thursday_review, friday_client, friday_start, friday_end, friday_break, friday_poa, friday_other_work, friday_total, friday_review, saturday_client, saturday_start, saturday_end, saturday_break, saturday_poa, saturday_other_work, saturday_total, saturday_review, sunday_client, sunday_start, sunday_end, sunday_break, sunday_poa, sunday_other_work, sunday_total, sunday_review, created_at, updated_at, batch_id, client_rating, client_modifications, driver_rating, driver_comments, monday_night_out, monday_expense_amount, monday_expense_receipt, tuesday_night_out, tuesday_expense_amount, tuesday_expense_receipt, wednesday_night_out, wednesday_expense_amount, wednesday_expense_receipt, thursday_night_out, thursday_expense_amount, thursday_expense_receipt, friday_night_out, friday_expense_amount, friday_expense_receipt, saturday_night_out, saturday_expense_amount, saturday_expense_receipt, sunday_night_out, sunday_expense_amount, sunday_expense_receipt, monday_driver_rating, monday_driver_comments, tuesday_driver_rating, tuesday_driver_comments, wednesday_driver_rating, wednesday_driver_comments, thursday_driver_rating, thursday_driver_comments, friday_driver_rating, friday_driver_comments, saturday_driver_rating, saturday_driver_comments, sunday_driver_rating, sunday_driver_comments, created_by_client, deleted_at, deleted_by, billable_hours_by_day) VALUES ('21b650d1-6918-431a-a4e4-e02a8c396a63', '50128545', 'John3harrison User', '2025-11-16', 'pending_approval', NULL, NULL, NULL, 'Poundstretcher', '05:30', '18:15', '00:45', '0', '0', '12.00', '45 minutes break ', 'Poundstretcher', '05:30', '17:45', '00:45', '0', '0', '11.50', '45 minutes break ', '', '', '', '', '0', '0', '0', '', 'Poundstretcher', '05:30', '18:45', '00:45', '0', '0', '12.50', '45 minutes break ', 'Poundstretcher', '05:45', '16:15', '00:45', '0', '0', '9.75', '45 minutes break ', '', '', '', '', '0', '0', '0', '', '', '', '', '', '0', '0', '0', '', '2025-11-23T17:23:36.551Z', '2025-11-25T08:40:47.016Z', 'd00a1696-fb62-4b40-a06c-58410f5802ce', NULL, NULL, NULL, NULL, 'false', '', '', 'false', '', '', 'false', '', '', 'true', '25.00', '', 'false', '', '', 'false', '', '', 'false', '', '', NULL, '', NULL, '', NULL, '', NULL, '', NULL, '', NULL, '', NULL, '', NULL, NULL, NULL, NULL);
INSERT INTO timesheets (id, user_id, driver_name, week_start_date, approval_status, client_approved_at, client_approved_by, client_comments, monday_client, monday_start, monday_end, monday_break, monday_poa, monday_other_work, monday_total, monday_review, tuesday_client, tuesday_start, tuesday_end, tuesday_break, tuesday_poa, tuesday_other_work, tuesday_total, tuesday_review, wednesday_client, wednesday_start, wednesday_end, wednesday_break, wednesday_poa, wednesday_other_work, wednesday_total, wednesday_review, thursday_client, thursday_start, thursday_end, thursday_break, thursday_poa, thursday_other_work, thursday_total, thursday_review, friday_client, friday_start, friday_end, friday_break, friday_poa, friday_other_work, friday_total, friday_review, saturday_client, saturday_start, saturday_end, saturday_break, saturday_poa, saturday_other_work, saturday_total, saturday_review, sunday_client, sunday_start, sunday_end, sunday_break, sunday_poa, sunday_other_work, sunday_total, sunday_review, created_at, updated_at, batch_id, client_rating, client_modifications, driver_rating, driver_comments, monday_night_out, monday_expense_amount, monday_expense_receipt, tuesday_night_out, tuesday_expense_amount, tuesday_expense_receipt, wednesday_night_out, wednesday_expense_amount, wednesday_expense_receipt, thursday_night_out, thursday_expense_amount, thursday_expense_receipt, friday_night_out, friday_expense_amount, friday_expense_receipt, saturday_night_out, saturday_expense_amount, saturday_expense_receipt, sunday_night_out, sunday_expense_amount, sunday_expense_receipt, monday_driver_rating, monday_driver_comments, tuesday_driver_rating, tuesday_driver_comments, wednesday_driver_rating, wednesday_driver_comments, thursday_driver_rating, thursday_driver_comments, friday_driver_rating, friday_driver_comments, saturday_driver_rating, saturday_driver_comments, sunday_driver_rating, sunday_driver_comments, created_by_client, deleted_at, deleted_by, billable_hours_by_day) VALUES ('174a48c1-2750-4d5c-85d4-d521fefe2887', '49954960', 'Marcin Boginczuk', '2025-11-16', 'pending_approval', NULL, NULL, NULL, 'Poundstretcher', '05:30', '14:15', '00:45', '0', '0', '8.00', '', 'Poundstretcher', '05:00', '18:15', '00:45', '0', '0', '12.50', '', '', '', '', '', '0', '0', '0', '', 'Poundstretcher', '05:30', '18:15', '00:45', '0', '0', '12.00', '', 'Poundstretcher', '05:30', '16:30', '00:45', '0', '0', '10.25', '', '', '', '', '', '0', '0', '0', '', '', '', '', '', '0', '0', '0', '', '2025-11-24T11:01:47.177Z', '2025-11-25T08:40:47.016Z', 'd00a1696-fb62-4b40-a06c-58410f5802ce', NULL, NULL, NULL, NULL, 'false', '', '', 'false', '', '', 'false', '', '', 'false', '', '', 'false', '', '', 'false', '', '', 'false', '', '', NULL, '', NULL, '', NULL, '', NULL, '', NULL, '', NULL, '', NULL, '', NULL, NULL, NULL, NULL);
INSERT INTO timesheets (id, user_id, driver_name, week_start_date, approval_status, client_approved_at, client_approved_by, client_comments, monday_client, monday_start, monday_end, monday_break, monday_poa, monday_other_work, monday_total, monday_review, tuesday_client, tuesday_start, tuesday_end, tuesday_break, tuesday_poa, tuesday_other_work, tuesday_total, tuesday_review, wednesday_client, wednesday_start, wednesday_end, wednesday_break, wednesday_poa, wednesday_other_work, wednesday_total, wednesday_review, thursday_client, thursday_start, thursday_end, thursday_break, thursday_poa, thursday_other_work, thursday_total, thursday_review, friday_client, friday_start, friday_end, friday_break, friday_poa, friday_other_work, friday_total, friday_review, saturday_client, saturday_start, saturday_end, saturday_break, saturday_poa, saturday_other_work, saturday_total, saturday_review, sunday_client, sunday_start, sunday_end, sunday_break, sunday_poa, sunday_other_work, sunday_total, sunday_review, created_at, updated_at, batch_id, client_rating, client_modifications, driver_rating, driver_comments, monday_night_out, monday_expense_amount, monday_expense_receipt, tuesday_night_out, tuesday_expense_amount, tuesday_expense_receipt, wednesday_night_out, wednesday_expense_amount, wednesday_expense_receipt, thursday_night_out, thursday_expense_amount, thursday_expense_receipt, friday_night_out, friday_expense_amount, friday_expense_receipt, saturday_night_out, saturday_expense_amount, saturday_expense_receipt, sunday_night_out, sunday_expense_amount, sunday_expense_receipt, monday_driver_rating, monday_driver_comments, tuesday_driver_rating, tuesday_driver_comments, wednesday_driver_rating, wednesday_driver_comments, thursday_driver_rating, thursday_driver_comments, friday_driver_rating, friday_driver_comments, saturday_driver_rating, saturday_driver_comments, sunday_driver_rating, sunday_driver_comments, created_by_client, deleted_at, deleted_by, billable_hours_by_day) VALUES ('c7d200f9-d0ea-4381-8847-4d7c39c63d68', '50151066', 'Carlosnorton538 User', '2025-11-16', 'pending_approval', NULL, NULL, NULL, 'Poundstretcher', '05:45', '16:00', '00:45', '0', '0', '9.50', '', '', '05:45', '16:15', '00:45', '0', '0', '9.75', '', 'Poundstretcher', '05:30', '15:00', '00:45', '0', '0', '8.75', '', 'Poundstretcher', '08:00', '16:15', '00:15', '0', '0', '8.00', '', 'Poundstretcher', '05:00', '13:30', '00:30', '0', '0', '8.00', '', '', '', '', '', '0', '0', '0', '', '', '', '', '', '0', '0', '0', '', '2025-11-24T08:26:45.641Z', '2025-11-25T08:40:47.016Z', 'd00a1696-fb62-4b40-a06c-58410f5802ce', NULL, NULL, NULL, NULL, 'false', '', '', 'false', '', '', 'false', '', '', 'false', '', '', 'false', '', '', 'false', '', '', 'false', '', '', NULL, '', NULL, '', NULL, '', NULL, '', NULL, '', NULL, '', NULL, '', NULL, NULL, NULL, NULL);
INSERT INTO timesheets (id, user_id, driver_name, week_start_date, approval_status, client_approved_at, client_approved_by, client_comments, monday_client, monday_start, monday_end, monday_break, monday_poa, monday_other_work, monday_total, monday_review, tuesday_client, tuesday_start, tuesday_end, tuesday_break, tuesday_poa, tuesday_other_work, tuesday_total, tuesday_review, wednesday_client, wednesday_start, wednesday_end, wednesday_break, wednesday_poa, wednesday_other_work, wednesday_total, wednesday_review, thursday_client, thursday_start, thursday_end, thursday_break, thursday_poa, thursday_other_work, thursday_total, thursday_review, friday_client, friday_start, friday_end, friday_break, friday_poa, friday_other_work, friday_total, friday_review, saturday_client, saturday_start, saturday_end, saturday_break, saturday_poa, saturday_other_work, saturday_total, saturday_review, sunday_client, sunday_start, sunday_end, sunday_break, sunday_poa, sunday_other_work, sunday_total, sunday_review, created_at, updated_at, batch_id, client_rating, client_modifications, driver_rating, driver_comments, monday_night_out, monday_expense_amount, monday_expense_receipt, tuesday_night_out, tuesday_expense_amount, tuesday_expense_receipt, wednesday_night_out, wednesday_expense_amount, wednesday_expense_receipt, thursday_night_out, thursday_expense_amount, thursday_expense_receipt, friday_night_out, friday_expense_amount, friday_expense_receipt, saturday_night_out, saturday_expense_amount, saturday_expense_receipt, sunday_night_out, sunday_expense_amount, sunday_expense_receipt, monday_driver_rating, monday_driver_comments, tuesday_driver_rating, tuesday_driver_comments, wednesday_driver_rating, wednesday_driver_comments, thursday_driver_rating, thursday_driver_comments, friday_driver_rating, friday_driver_comments, saturday_driver_rating, saturday_driver_comments, sunday_driver_rating, sunday_driver_comments, created_by_client, deleted_at, deleted_by, billable_hours_by_day) VALUES ('de76f5f4-023e-4558-849c-28f8138fb1b9', '50154107', 'Matrydlich User', '2025-11-16', 'pending_approval', NULL, NULL, NULL, '', '', '', '', '0', '0', '0', '', '', '', '', '', '0', '0', '0', '', 'Poundstretcher', '08:00', '18:00', '00:45', '0', '0', '9.25', '', '', '', '', '', '0', '0', '0', '', '', '', '', '', '0', '0', '0', '', '', '', '', '', '0', '0', '0', '', '', '', '', '', '0', '0', '0', '', '2025-11-24T09:20:47.204Z', '2025-11-25T08:40:47.016Z', 'd00a1696-fb62-4b40-a06c-58410f5802ce', NULL, NULL, NULL, NULL, 'false', '', '', 'false', '', '', 'false', '', '', 'false', '', '', 'false', '', '', 'false', '', '', 'false', '', '', NULL, '', NULL, '', NULL, '', NULL, '', NULL, '', NULL, '', NULL, '', NULL, NULL, NULL, NULL);
INSERT INTO timesheets (id, user_id, driver_name, week_start_date, approval_status, client_approved_at, client_approved_by, client_comments, monday_client, monday_start, monday_end, monday_break, monday_poa, monday_other_work, monday_total, monday_review, tuesday_client, tuesday_start, tuesday_end, tuesday_break, tuesday_poa, tuesday_other_work, tuesday_total, tuesday_review, wednesday_client, wednesday_start, wednesday_end, wednesday_break, wednesday_poa, wednesday_other_work, wednesday_total, wednesday_review, thursday_client, thursday_start, thursday_end, thursday_break, thursday_poa, thursday_other_work, thursday_total, thursday_review, friday_client, friday_start, friday_end, friday_break, friday_poa, friday_other_work, friday_total, friday_review, saturday_client, saturday_start, saturday_end, saturday_break, saturday_poa, saturday_other_work, saturday_total, saturday_review, sunday_client, sunday_start, sunday_end, sunday_break, sunday_poa, sunday_other_work, sunday_total, sunday_review, created_at, updated_at, batch_id, client_rating, client_modifications, driver_rating, driver_comments, monday_night_out, monday_expense_amount, monday_expense_receipt, tuesday_night_out, tuesday_expense_amount, tuesday_expense_receipt, wednesday_night_out, wednesday_expense_amount, wednesday_expense_receipt, thursday_night_out, thursday_expense_amount, thursday_expense_receipt, friday_night_out, friday_expense_amount, friday_expense_receipt, saturday_night_out, saturday_expense_amount, saturday_expense_receipt, sunday_night_out, sunday_expense_amount, sunday_expense_receipt, monday_driver_rating, monday_driver_comments, tuesday_driver_rating, tuesday_driver_comments, wednesday_driver_rating, wednesday_driver_comments, thursday_driver_rating, thursday_driver_comments, friday_driver_rating, friday_driver_comments, saturday_driver_rating, saturday_driver_comments, sunday_driver_rating, sunday_driver_comments, created_by_client, deleted_at, deleted_by, billable_hours_by_day) VALUES ('09b0e20f-8980-47ab-80c2-660ee6f3eedd', '49954960', 'Marcin Boginczuk', '2025-11-30', 'draft', NULL, NULL, NULL, 'Poundstretcher', '05:00', '18:30', '45', '0', '0', '12.75', '', 'Poundstretcher', '05:30', '15:15', '45', '0', '0', '9.00', '', 'Poundstretcher', '05:00', '14:30', '45', '0', '0', '8.75', '', 'Poundstretcher', '02:15', '13:30', '45', '0', '0', '10.50', '', 'Poundstretcher', '05:15', '17:45', '45', '0', '0', '11.75', '', 'Off', '', '', '', '0', '0', '0', '', 'Off', '', '', '', '0', '0', '0', '', '2025-12-07T10:12:27.400Z', '2025-12-07T10:12:27.400Z', NULL, NULL, NULL, NULL, NULL, 'false', '', '', 'false', '', '', 'false', '', '', 'false', '', '', 'false', '', '', 'false', '', '', 'false', '', '', NULL, '', NULL, '', NULL, '', NULL, '', NULL, '', NULL, '', NULL, '', NULL, NULL, NULL, NULL);
INSERT INTO timesheets (id, user_id, driver_name, week_start_date, approval_status, client_approved_at, client_approved_by, client_comments, monday_client, monday_start, monday_end, monday_break, monday_poa, monday_other_work, monday_total, monday_review, tuesday_client, tuesday_start, tuesday_end, tuesday_break, tuesday_poa, tuesday_other_work, tuesday_total, tuesday_review, wednesday_client, wednesday_start, wednesday_end, wednesday_break, wednesday_poa, wednesday_other_work, wednesday_total, wednesday_review, thursday_client, thursday_start, thursday_end, thursday_break, thursday_poa, thursday_other_work, thursday_total, thursday_review, friday_client, friday_start, friday_end, friday_break, friday_poa, friday_other_work, friday_total, friday_review, saturday_client, saturday_start, saturday_end, saturday_break, saturday_poa, saturday_other_work, saturday_total, saturday_review, sunday_client, sunday_start, sunday_end, sunday_break, sunday_poa, sunday_other_work, sunday_total, sunday_review, created_at, updated_at, batch_id, client_rating, client_modifications, driver_rating, driver_comments, monday_night_out, monday_expense_amount, monday_expense_receipt, tuesday_night_out, tuesday_expense_amount, tuesday_expense_receipt, wednesday_night_out, wednesday_expense_amount, wednesday_expense_receipt, thursday_night_out, thursday_expense_amount, thursday_expense_receipt, friday_night_out, friday_expense_amount, friday_expense_receipt, saturday_night_out, saturday_expense_amount, saturday_expense_receipt, sunday_night_out, sunday_expense_amount, sunday_expense_receipt, monday_driver_rating, monday_driver_comments, tuesday_driver_rating, tuesday_driver_comments, wednesday_driver_rating, wednesday_driver_comments, thursday_driver_rating, thursday_driver_comments, friday_driver_rating, friday_driver_comments, saturday_driver_rating, saturday_driver_comments, sunday_driver_rating, sunday_driver_comments, created_by_client, deleted_at, deleted_by, billable_hours_by_day) VALUES ('72daec7d-dd99-42c5-b84f-f7b53258f004', '50151066', 'Carlosnorton538 Norton', '2025-11-30', 'draft', NULL, NULL, NULL, '', '', '', '', '0', '0', '0', '', '', '', '', '', '0', '0', '0', '', '', '', '', '', '0', '0', '0', '', '', '05:30', '17:15', '45', '0', '0', '11.00', '', '', '05:45', '17:45', '45', '0', '0', '11.25', '', '', '', '', '', '0', '0', '0', '', '', '', '', '', '0', '0', '0', '', '2025-12-07T11:08:11.096Z', '2025-12-07T11:08:11.096Z', NULL, NULL, NULL, NULL, NULL, 'false', '', '', 'false', '', '', 'false', '', '', 'false', '', '', 'false', '', '', 'false', '', '', 'false', '', '', NULL, '', NULL, '', NULL, '', NULL, '', NULL, '', NULL, '', NULL, '', NULL, NULL, NULL, NULL);
INSERT INTO timesheets (id, user_id, driver_name, week_start_date, approval_status, client_approved_at, client_approved_by, client_comments, monday_client, monday_start, monday_end, monday_break, monday_poa, monday_other_work, monday_total, monday_review, tuesday_client, tuesday_start, tuesday_end, tuesday_break, tuesday_poa, tuesday_other_work, tuesday_total, tuesday_review, wednesday_client, wednesday_start, wednesday_end, wednesday_break, wednesday_poa, wednesday_other_work, wednesday_total, wednesday_review, thursday_client, thursday_start, thursday_end, thursday_break, thursday_poa, thursday_other_work, thursday_total, thursday_review, friday_client, friday_start, friday_end, friday_break, friday_poa, friday_other_work, friday_total, friday_review, saturday_client, saturday_start, saturday_end, saturday_break, saturday_poa, saturday_other_work, saturday_total, saturday_review, sunday_client, sunday_start, sunday_end, sunday_break, sunday_poa, sunday_other_work, sunday_total, sunday_review, created_at, updated_at, batch_id, client_rating, client_modifications, driver_rating, driver_comments, monday_night_out, monday_expense_amount, monday_expense_receipt, tuesday_night_out, tuesday_expense_amount, tuesday_expense_receipt, wednesday_night_out, wednesday_expense_amount, wednesday_expense_receipt, thursday_night_out, thursday_expense_amount, thursday_expense_receipt, friday_night_out, friday_expense_amount, friday_expense_receipt, saturday_night_out, saturday_expense_amount, saturday_expense_receipt, sunday_night_out, sunday_expense_amount, sunday_expense_receipt, monday_driver_rating, monday_driver_comments, tuesday_driver_rating, tuesday_driver_comments, wednesday_driver_rating, wednesday_driver_comments, thursday_driver_rating, thursday_driver_comments, friday_driver_rating, friday_driver_comments, saturday_driver_rating, saturday_driver_comments, sunday_driver_rating, sunday_driver_comments, created_by_client, deleted_at, deleted_by, billable_hours_by_day) VALUES ('c2498945-3da5-4f12-b01c-c2e57c66974d', '50128545', 'John Harrison', '2025-11-30', 'draft', NULL, NULL, NULL, 'Poundstretcher', '05:30', '16:15', '45', '0', '0', '10.00', '', 'Poundstretcher', '05:30', '15:15', '45', '0', '0', '9.00', '', 'Poundstretcher', '05:30', '17:15', '45', '0', '0', '11.00', '', 'Poundstretcher', '05:30', '16:00', '45', '0', '0', '9.75', '', 'Poundstretcher', '05:30', '15:45', '45', '0', '0', '9.50', '', '', '', '', '', '0', '0', '0', '', '', '', '', '', '0', '0', '0', '', '2025-12-07T19:31:15.754Z', '2025-12-07T19:31:15.754Z', NULL, NULL, NULL, NULL, NULL, 'false', '', '', 'false', '', '', 'false', '', '', 'false', '', '', 'false', '', '', 'false', '', '', 'false', '', '', NULL, '', NULL, '', NULL, '', NULL, '', NULL, '', NULL, '', NULL, '', NULL, NULL, NULL, NULL);
INSERT INTO timesheets (id, user_id, driver_name, week_start_date, approval_status, client_approved_at, client_approved_by, client_comments, monday_client, monday_start, monday_end, monday_break, monday_poa, monday_other_work, monday_total, monday_review, tuesday_client, tuesday_start, tuesday_end, tuesday_break, tuesday_poa, tuesday_other_work, tuesday_total, tuesday_review, wednesday_client, wednesday_start, wednesday_end, wednesday_break, wednesday_poa, wednesday_other_work, wednesday_total, wednesday_review, thursday_client, thursday_start, thursday_end, thursday_break, thursday_poa, thursday_other_work, thursday_total, thursday_review, friday_client, friday_start, friday_end, friday_break, friday_poa, friday_other_work, friday_total, friday_review, saturday_client, saturday_start, saturday_end, saturday_break, saturday_poa, saturday_other_work, saturday_total, saturday_review, sunday_client, sunday_start, sunday_end, sunday_break, sunday_poa, sunday_other_work, sunday_total, sunday_review, created_at, updated_at, batch_id, client_rating, client_modifications, driver_rating, driver_comments, monday_night_out, monday_expense_amount, monday_expense_receipt, tuesday_night_out, tuesday_expense_amount, tuesday_expense_receipt, wednesday_night_out, wednesday_expense_amount, wednesday_expense_receipt, thursday_night_out, thursday_expense_amount, thursday_expense_receipt, friday_night_out, friday_expense_amount, friday_expense_receipt, saturday_night_out, saturday_expense_amount, saturday_expense_receipt, sunday_night_out, sunday_expense_amount, sunday_expense_receipt, monday_driver_rating, monday_driver_comments, tuesday_driver_rating, tuesday_driver_comments, wednesday_driver_rating, wednesday_driver_comments, thursday_driver_rating, thursday_driver_comments, friday_driver_rating, friday_driver_comments, saturday_driver_rating, saturday_driver_comments, sunday_driver_rating, sunday_driver_comments, created_by_client, deleted_at, deleted_by, billable_hours_by_day) VALUES ('e25990a3-ac6e-4272-ae00-eb2682237667', '50135798', 'Sebastian Turyk', '2025-11-30', 'draft', NULL, NULL, NULL, 'Poundstretcher', '05:30', '15:30', '45', '0', '0', '9.25', '', 'Poundstretcher', '05:30', '16:45', '', '0', '0', '11.25', '', 'Poundstretcher', '05:30', '15:30', '45', '0', '0', '9.25', '', 'Poundstretcher', '05:30', '14:30', '45', '0', '0', '8.25', '', 'Poundstretcher', '05:30', '15:00', '45', '0', '0', '8.75', '', '', '', '', '', '0', '0', '0', '', '', '', '', '', '0', '0', '0', '', '2025-12-07T21:58:16.001Z', '2025-12-07T21:58:16.001Z', NULL, NULL, NULL, NULL, NULL, 'false', '', '', 'false', '', '', 'false', '', '', 'false', '', '', 'false', '', '', 'false', '', '', 'false', '', '', NULL, '', NULL, '', NULL, '', NULL, '', NULL, '', NULL, '', NULL, '', NULL, NULL, NULL, NULL);
INSERT INTO timesheets (id, user_id, driver_name, week_start_date, approval_status, client_approved_at, client_approved_by, client_comments, monday_client, monday_start, monday_end, monday_break, monday_poa, monday_other_work, monday_total, monday_review, tuesday_client, tuesday_start, tuesday_end, tuesday_break, tuesday_poa, tuesday_other_work, tuesday_total, tuesday_review, wednesday_client, wednesday_start, wednesday_end, wednesday_break, wednesday_poa, wednesday_other_work, wednesday_total, wednesday_review, thursday_client, thursday_start, thursday_end, thursday_break, thursday_poa, thursday_other_work, thursday_total, thursday_review, friday_client, friday_start, friday_end, friday_break, friday_poa, friday_other_work, friday_total, friday_review, saturday_client, saturday_start, saturday_end, saturday_break, saturday_poa, saturday_other_work, saturday_total, saturday_review, sunday_client, sunday_start, sunday_end, sunday_break, sunday_poa, sunday_other_work, sunday_total, sunday_review, created_at, updated_at, batch_id, client_rating, client_modifications, driver_rating, driver_comments, monday_night_out, monday_expense_amount, monday_expense_receipt, tuesday_night_out, tuesday_expense_amount, tuesday_expense_receipt, wednesday_night_out, wednesday_expense_amount, wednesday_expense_receipt, thursday_night_out, thursday_expense_amount, thursday_expense_receipt, friday_night_out, friday_expense_amount, friday_expense_receipt, saturday_night_out, saturday_expense_amount, saturday_expense_receipt, sunday_night_out, sunday_expense_amount, sunday_expense_receipt, monday_driver_rating, monday_driver_comments, tuesday_driver_rating, tuesday_driver_comments, wednesday_driver_rating, wednesday_driver_comments, thursday_driver_rating, thursday_driver_comments, friday_driver_rating, friday_driver_comments, saturday_driver_rating, saturday_driver_comments, sunday_driver_rating, sunday_driver_comments, created_by_client, deleted_at, deleted_by, billable_hours_by_day) VALUES ('2ab023c5-93b9-431a-9b55-4a8206c1f978', '50151066', 'Carlosnorton538 Norton', '2025-12-07', 'draft', NULL, NULL, NULL, '', '05:30', '15:15', '45', '0', '0', '9.00', '', '', '', '', '', '0', '0', '0', '', '', '05:30', '18:15', '45', '0', '0', '12.00', '', '', '05:30', '16:45', '45', '0', '0', '10.50', '', '', '05:30', '17:15', '45', '0', '0', '11.00', '', '', '', '', '', '0', '0', '0', '', '', '', '', '', '0', '0', '0', '', '2025-12-13T22:34:32.299Z', '2025-12-13T22:34:32.299Z', NULL, NULL, NULL, NULL, NULL, 'false', '', '', 'false', '', '', 'false', '', '', 'false', '', '', 'false', '', '', 'false', '', '', 'false', '', '', NULL, '', NULL, '', NULL, '', NULL, '', NULL, '', NULL, '', NULL, '', NULL, NULL, NULL, NULL);
INSERT INTO timesheets (id, user_id, driver_name, week_start_date, approval_status, client_approved_at, client_approved_by, client_comments, monday_client, monday_start, monday_end, monday_break, monday_poa, monday_other_work, monday_total, monday_review, tuesday_client, tuesday_start, tuesday_end, tuesday_break, tuesday_poa, tuesday_other_work, tuesday_total, tuesday_review, wednesday_client, wednesday_start, wednesday_end, wednesday_break, wednesday_poa, wednesday_other_work, wednesday_total, wednesday_review, thursday_client, thursday_start, thursday_end, thursday_break, thursday_poa, thursday_other_work, thursday_total, thursday_review, friday_client, friday_start, friday_end, friday_break, friday_poa, friday_other_work, friday_total, friday_review, saturday_client, saturday_start, saturday_end, saturday_break, saturday_poa, saturday_other_work, saturday_total, saturday_review, sunday_client, sunday_start, sunday_end, sunday_break, sunday_poa, sunday_other_work, sunday_total, sunday_review, created_at, updated_at, batch_id, client_rating, client_modifications, driver_rating, driver_comments, monday_night_out, monday_expense_amount, monday_expense_receipt, tuesday_night_out, tuesday_expense_amount, tuesday_expense_receipt, wednesday_night_out, wednesday_expense_amount, wednesday_expense_receipt, thursday_night_out, thursday_expense_amount, thursday_expense_receipt, friday_night_out, friday_expense_amount, friday_expense_receipt, saturday_night_out, saturday_expense_amount, saturday_expense_receipt, sunday_night_out, sunday_expense_amount, sunday_expense_receipt, monday_driver_rating, monday_driver_comments, tuesday_driver_rating, tuesday_driver_comments, wednesday_driver_rating, wednesday_driver_comments, thursday_driver_rating, thursday_driver_comments, friday_driver_rating, friday_driver_comments, saturday_driver_rating, saturday_driver_comments, sunday_driver_rating, sunday_driver_comments, created_by_client, deleted_at, deleted_by, billable_hours_by_day) VALUES ('9d6b2ae9-433f-4e01-b975-7e73fac7e860', '49954960', 'Marcin Boginczuk', '2025-12-07', 'draft', NULL, NULL, NULL, 'Poundstretcher', '02:00', '14:00', '45', '0', '0', '11.25', '', 'Poundstretcher', '05:30', '14:15', '45', '0', '0', '8.00', '', 'Poundstretcher', '05:00', '15:45', '45', '0', '0', '10.00', '', 'Poundstretcher', '02:30', '15:00', '45', '0', '0', '11.75', '', 'Poundstretcher', '05:00', '19:45', '45', '0', '0', '14.00', '', 'Off', '', '', '', '0', '0', '0', '', 'Off', '', '', '', '0', '0', '0', '', '2025-12-14T16:09:54.028Z', '2025-12-14T16:09:54.028Z', NULL, NULL, NULL, NULL, NULL, 'false', '', '', 'false', '', '', 'false', '', '', 'false', '', '', 'false', '', '', 'false', '', '', 'false', '', '', NULL, '', NULL, '', NULL, '', NULL, '', NULL, '', NULL, '', NULL, '', NULL, NULL, NULL, NULL);
INSERT INTO timesheets (id, user_id, driver_name, week_start_date, approval_status, client_approved_at, client_approved_by, client_comments, monday_client, monday_start, monday_end, monday_break, monday_poa, monday_other_work, monday_total, monday_review, tuesday_client, tuesday_start, tuesday_end, tuesday_break, tuesday_poa, tuesday_other_work, tuesday_total, tuesday_review, wednesday_client, wednesday_start, wednesday_end, wednesday_break, wednesday_poa, wednesday_other_work, wednesday_total, wednesday_review, thursday_client, thursday_start, thursday_end, thursday_break, thursday_poa, thursday_other_work, thursday_total, thursday_review, friday_client, friday_start, friday_end, friday_break, friday_poa, friday_other_work, friday_total, friday_review, saturday_client, saturday_start, saturday_end, saturday_break, saturday_poa, saturday_other_work, saturday_total, saturday_review, sunday_client, sunday_start, sunday_end, sunday_break, sunday_poa, sunday_other_work, sunday_total, sunday_review, created_at, updated_at, batch_id, client_rating, client_modifications, driver_rating, driver_comments, monday_night_out, monday_expense_amount, monday_expense_receipt, tuesday_night_out, tuesday_expense_amount, tuesday_expense_receipt, wednesday_night_out, wednesday_expense_amount, wednesday_expense_receipt, thursday_night_out, thursday_expense_amount, thursday_expense_receipt, friday_night_out, friday_expense_amount, friday_expense_receipt, saturday_night_out, saturday_expense_amount, saturday_expense_receipt, sunday_night_out, sunday_expense_amount, sunday_expense_receipt, monday_driver_rating, monday_driver_comments, tuesday_driver_rating, tuesday_driver_comments, wednesday_driver_rating, wednesday_driver_comments, thursday_driver_rating, thursday_driver_comments, friday_driver_rating, friday_driver_comments, saturday_driver_rating, saturday_driver_comments, sunday_driver_rating, sunday_driver_comments, created_by_client, deleted_at, deleted_by, billable_hours_by_day) VALUES ('e04626a3-0009-4e49-ae12-1a899b2e0a15', '50154107', 'Mateusz Rydlichowski', '2025-12-07', 'draft', NULL, NULL, NULL, 'Poundstretcher', '05:30', '17:30', '45', '0', '0', '11.25', '', '', '', '', '', '0', '0', '0', '', 'Lutterworth Logistics', '06:00', '14:00', '', '0', '0', '8.00', '', '', '', '', '', '0', '0', '0', '', 'Poundstretcher', '05:30', '18:00', '45', '0', '0', '11.75', '', '', '', '', '', '0', '0', '0', '', '', '', '', '', '0', '0', '0', '', '2025-12-15T11:12:14.353Z', '2025-12-15T11:12:14.353Z', NULL, NULL, NULL, NULL, NULL, 'false', '', '', 'false', '', '', 'false', '', '', 'false', '', '', 'false', '', '', 'false', '', '', 'false', '', '', NULL, '', NULL, '', NULL, '', NULL, '', NULL, '', NULL, '', NULL, '', NULL, NULL, NULL, NULL);
INSERT INTO timesheets (id, user_id, driver_name, week_start_date, approval_status, client_approved_at, client_approved_by, client_comments, monday_client, monday_start, monday_end, monday_break, monday_poa, monday_other_work, monday_total, monday_review, tuesday_client, tuesday_start, tuesday_end, tuesday_break, tuesday_poa, tuesday_other_work, tuesday_total, tuesday_review, wednesday_client, wednesday_start, wednesday_end, wednesday_break, wednesday_poa, wednesday_other_work, wednesday_total, wednesday_review, thursday_client, thursday_start, thursday_end, thursday_break, thursday_poa, thursday_other_work, thursday_total, thursday_review, friday_client, friday_start, friday_end, friday_break, friday_poa, friday_other_work, friday_total, friday_review, saturday_client, saturday_start, saturday_end, saturday_break, saturday_poa, saturday_other_work, saturday_total, saturday_review, sunday_client, sunday_start, sunday_end, sunday_break, sunday_poa, sunday_other_work, sunday_total, sunday_review, created_at, updated_at, batch_id, client_rating, client_modifications, driver_rating, driver_comments, monday_night_out, monday_expense_amount, monday_expense_receipt, tuesday_night_out, tuesday_expense_amount, tuesday_expense_receipt, wednesday_night_out, wednesday_expense_amount, wednesday_expense_receipt, thursday_night_out, thursday_expense_amount, thursday_expense_receipt, friday_night_out, friday_expense_amount, friday_expense_receipt, saturday_night_out, saturday_expense_amount, saturday_expense_receipt, sunday_night_out, sunday_expense_amount, sunday_expense_receipt, monday_driver_rating, monday_driver_comments, tuesday_driver_rating, tuesday_driver_comments, wednesday_driver_rating, wednesday_driver_comments, thursday_driver_rating, thursday_driver_comments, friday_driver_rating, friday_driver_comments, saturday_driver_rating, saturday_driver_comments, sunday_driver_rating, sunday_driver_comments, created_by_client, deleted_at, deleted_by, billable_hours_by_day) VALUES ('95bf248e-e161-49cc-8be8-ede26ed0f87e', '50135798', 'Sebastian Turyk', '2025-12-07', 'draft', NULL, NULL, NULL, 'Poundstretcher', '05:30', '14:30', '45', '0', '0', '8.25', '', '', '', '', '', '0', '0', '0', '', '', '', '', '', '0', '0', '0', '', 'Poundstretcher', '05:30', '14:30', '45', '0', '0', '8.25', '', 'Poundstretcher', '05:30', '15:00', '45', '0', '0', '8.75', '', '', '', '', '', '0', '0', '0', '', '', '', '', '', '0', '0', '0', '', '2025-12-15T11:41:54.462Z', '2025-12-15T11:41:54.462Z', NULL, NULL, NULL, NULL, NULL, 'false', '', '', 'false', '', '', 'false', '', '', 'false', '', '', 'false', '', '', 'false', '', '', 'false', '', '', NULL, '', NULL, '', NULL, '', NULL, '', NULL, '', NULL, '', NULL, '', NULL, NULL, NULL, NULL);
INSERT INTO timesheets (id, user_id, driver_name, week_start_date, approval_status, client_approved_at, client_approved_by, client_comments, monday_client, monday_start, monday_end, monday_break, monday_poa, monday_other_work, monday_total, monday_review, tuesday_client, tuesday_start, tuesday_end, tuesday_break, tuesday_poa, tuesday_other_work, tuesday_total, tuesday_review, wednesday_client, wednesday_start, wednesday_end, wednesday_break, wednesday_poa, wednesday_other_work, wednesday_total, wednesday_review, thursday_client, thursday_start, thursday_end, thursday_break, thursday_poa, thursday_other_work, thursday_total, thursday_review, friday_client, friday_start, friday_end, friday_break, friday_poa, friday_other_work, friday_total, friday_review, saturday_client, saturday_start, saturday_end, saturday_break, saturday_poa, saturday_other_work, saturday_total, saturday_review, sunday_client, sunday_start, sunday_end, sunday_break, sunday_poa, sunday_other_work, sunday_total, sunday_review, created_at, updated_at, batch_id, client_rating, client_modifications, driver_rating, driver_comments, monday_night_out, monday_expense_amount, monday_expense_receipt, tuesday_night_out, tuesday_expense_amount, tuesday_expense_receipt, wednesday_night_out, wednesday_expense_amount, wednesday_expense_receipt, thursday_night_out, thursday_expense_amount, thursday_expense_receipt, friday_night_out, friday_expense_amount, friday_expense_receipt, saturday_night_out, saturday_expense_amount, saturday_expense_receipt, sunday_night_out, sunday_expense_amount, sunday_expense_receipt, monday_driver_rating, monday_driver_comments, tuesday_driver_rating, tuesday_driver_comments, wednesday_driver_rating, wednesday_driver_comments, thursday_driver_rating, thursday_driver_comments, friday_driver_rating, friday_driver_comments, saturday_driver_rating, saturday_driver_comments, sunday_driver_rating, sunday_driver_comments, created_by_client, deleted_at, deleted_by, billable_hours_by_day) VALUES ('1ea2bac2-87f9-4d90-a596-535575e9540f', '50151066', 'Carlosnorton538 Malik89.,,', '2025-12-14', 'draft', NULL, NULL, NULL, '', '', '', '', '0', '0', '0', '', '', '05:00', '20:00', '45', '0', '0', '14.25', '', '', '05:00', '16:15', '45', '0', '0', '10.50', '', '', '05:30', '20:30', '45', '0', '0', '14.25', '', '', '05:45', '13:45', '', '0', '0', '8.00', '', '', '', '', '', '0', '0', '0', '', '', '', '', '', '0', '0', '0', '', '2025-12-19T13:32:37.742Z', '2025-12-19T13:32:37.742Z', NULL, NULL, NULL, NULL, NULL, 'false', '', '', 'false', '', '', 'false', '', '', 'false', '', '', 'false', '', '', 'false', '', '', 'false', '', '', NULL, '', NULL, '', NULL, '', NULL, '', NULL, '', NULL, '', NULL, '', NULL, NULL, NULL, NULL);
INSERT INTO timesheets (id, user_id, driver_name, week_start_date, approval_status, client_approved_at, client_approved_by, client_comments, monday_client, monday_start, monday_end, monday_break, monday_poa, monday_other_work, monday_total, monday_review, tuesday_client, tuesday_start, tuesday_end, tuesday_break, tuesday_poa, tuesday_other_work, tuesday_total, tuesday_review, wednesday_client, wednesday_start, wednesday_end, wednesday_break, wednesday_poa, wednesday_other_work, wednesday_total, wednesday_review, thursday_client, thursday_start, thursday_end, thursday_break, thursday_poa, thursday_other_work, thursday_total, thursday_review, friday_client, friday_start, friday_end, friday_break, friday_poa, friday_other_work, friday_total, friday_review, saturday_client, saturday_start, saturday_end, saturday_break, saturday_poa, saturday_other_work, saturday_total, saturday_review, sunday_client, sunday_start, sunday_end, sunday_break, sunday_poa, sunday_other_work, sunday_total, sunday_review, created_at, updated_at, batch_id, client_rating, client_modifications, driver_rating, driver_comments, monday_night_out, monday_expense_amount, monday_expense_receipt, tuesday_night_out, tuesday_expense_amount, tuesday_expense_receipt, wednesday_night_out, wednesday_expense_amount, wednesday_expense_receipt, thursday_night_out, thursday_expense_amount, thursday_expense_receipt, friday_night_out, friday_expense_amount, friday_expense_receipt, saturday_night_out, saturday_expense_amount, saturday_expense_receipt, sunday_night_out, sunday_expense_amount, sunday_expense_receipt, monday_driver_rating, monday_driver_comments, tuesday_driver_rating, tuesday_driver_comments, wednesday_driver_rating, wednesday_driver_comments, thursday_driver_rating, thursday_driver_comments, friday_driver_rating, friday_driver_comments, saturday_driver_rating, saturday_driver_comments, sunday_driver_rating, sunday_driver_comments, created_by_client, deleted_at, deleted_by, billable_hours_by_day) VALUES ('4314d9d2-21c3-4c34-b900-5b8936491e7a', '50151066', 'Carlosnorton538 Malik89.,,', '2025-12-14', 'draft', NULL, NULL, NULL, '', '', '', '', '0', '0', '0', '', '', '', '', '', '0', '0', '0', '', '', '', '', '', '0', '0', '0', '', '', '', '', '', '0', '0', '0', '', '', '', '', '', '0', '0', '0', '', '', '', '', '', '0', '0', '0', '', '', '', '', '', '0', '0', '0', '', '2025-12-19T13:33:00.639Z', '2025-12-19T13:33:00.639Z', NULL, NULL, NULL, NULL, NULL, 'false', '', '', 'false', '', '', 'false', '', '', 'false', '', '', 'false', '', '', 'false', '', '', 'false', '', '', NULL, '', NULL, '', NULL, '', NULL, '', NULL, '', NULL, '', NULL, '', NULL, NULL, NULL, NULL);
INSERT INTO timesheets (id, user_id, driver_name, week_start_date, approval_status, client_approved_at, client_approved_by, client_comments, monday_client, monday_start, monday_end, monday_break, monday_poa, monday_other_work, monday_total, monday_review, tuesday_client, tuesday_start, tuesday_end, tuesday_break, tuesday_poa, tuesday_other_work, tuesday_total, tuesday_review, wednesday_client, wednesday_start, wednesday_end, wednesday_break, wednesday_poa, wednesday_other_work, wednesday_total, wednesday_review, thursday_client, thursday_start, thursday_end, thursday_break, thursday_poa, thursday_other_work, thursday_total, thursday_review, friday_client, friday_start, friday_end, friday_break, friday_poa, friday_other_work, friday_total, friday_review, saturday_client, saturday_start, saturday_end, saturday_break, saturday_poa, saturday_other_work, saturday_total, saturday_review, sunday_client, sunday_start, sunday_end, sunday_break, sunday_poa, sunday_other_work, sunday_total, sunday_review, created_at, updated_at, batch_id, client_rating, client_modifications, driver_rating, driver_comments, monday_night_out, monday_expense_amount, monday_expense_receipt, tuesday_night_out, tuesday_expense_amount, tuesday_expense_receipt, wednesday_night_out, wednesday_expense_amount, wednesday_expense_receipt, thursday_night_out, thursday_expense_amount, thursday_expense_receipt, friday_night_out, friday_expense_amount, friday_expense_receipt, saturday_night_out, saturday_expense_amount, saturday_expense_receipt, sunday_night_out, sunday_expense_amount, sunday_expense_receipt, monday_driver_rating, monday_driver_comments, tuesday_driver_rating, tuesday_driver_comments, wednesday_driver_rating, wednesday_driver_comments, thursday_driver_rating, thursday_driver_comments, friday_driver_rating, friday_driver_comments, saturday_driver_rating, saturday_driver_comments, sunday_driver_rating, sunday_driver_comments, created_by_client, deleted_at, deleted_by, billable_hours_by_day) VALUES ('a7f6dbd9-fbaf-485a-b925-2e227ede2daa', '49954960', 'Marcin Boginczuk', '2025-12-14', 'draft', NULL, NULL, NULL, 'Poundstretcher', '06:15', '19:00', '45', '0', '0', '12.00', '', 'Poundstretcher', '04:00', '18:00', '45', '0', '0', '13.25', '', 'Poundstretcher', '05:30', '16:30', '45', '0', '0', '10.25', '', 'Poundstretcher', '03:00', '14:30', '45', '0', '0', '10.75', '', 'Poundstretcher', '05:00', '19:15', '45', '0', '0', '13.50', '', 'Off', '', '', '', '0', '0', '0', '', 'Off', '', '', '', '0', '0', '0', '', '2025-12-22T16:21:04.242Z', '2025-12-22T16:21:04.242Z', NULL, NULL, NULL, NULL, NULL, 'true', '', '', 'false', '', '', 'false', '', '', 'false', '', '', 'false', '', '', 'false', '', '', 'false', '', '', NULL, '', NULL, '', NULL, '', NULL, '', NULL, '', NULL, '', NULL, '', NULL, NULL, NULL, NULL);
INSERT INTO timesheets (id, user_id, driver_name, week_start_date, approval_status, client_approved_at, client_approved_by, client_comments, monday_client, monday_start, monday_end, monday_break, monday_poa, monday_other_work, monday_total, monday_review, tuesday_client, tuesday_start, tuesday_end, tuesday_break, tuesday_poa, tuesday_other_work, tuesday_total, tuesday_review, wednesday_client, wednesday_start, wednesday_end, wednesday_break, wednesday_poa, wednesday_other_work, wednesday_total, wednesday_review, thursday_client, thursday_start, thursday_end, thursday_break, thursday_poa, thursday_other_work, thursday_total, thursday_review, friday_client, friday_start, friday_end, friday_break, friday_poa, friday_other_work, friday_total, friday_review, saturday_client, saturday_start, saturday_end, saturday_break, saturday_poa, saturday_other_work, saturday_total, saturday_review, sunday_client, sunday_start, sunday_end, sunday_break, sunday_poa, sunday_other_work, sunday_total, sunday_review, created_at, updated_at, batch_id, client_rating, client_modifications, driver_rating, driver_comments, monday_night_out, monday_expense_amount, monday_expense_receipt, tuesday_night_out, tuesday_expense_amount, tuesday_expense_receipt, wednesday_night_out, wednesday_expense_amount, wednesday_expense_receipt, thursday_night_out, thursday_expense_amount, thursday_expense_receipt, friday_night_out, friday_expense_amount, friday_expense_receipt, saturday_night_out, saturday_expense_amount, saturday_expense_receipt, sunday_night_out, sunday_expense_amount, sunday_expense_receipt, monday_driver_rating, monday_driver_comments, tuesday_driver_rating, tuesday_driver_comments, wednesday_driver_rating, wednesday_driver_comments, thursday_driver_rating, thursday_driver_comments, friday_driver_rating, friday_driver_comments, saturday_driver_rating, saturday_driver_comments, sunday_driver_rating, sunday_driver_comments, created_by_client, deleted_at, deleted_by, billable_hours_by_day) VALUES ('f0527a3d-4878-415a-8aa6-6939f029d080', '49954960', 'Marcin Boginczuk', '2025-12-21', 'draft', NULL, NULL, NULL, 'Poundstretcher', '05:30', '14:15', '45', '0', '0', '8.00', '', 'Poundstretcher', '02:45', '16:00', '45', '0', '0', '12.50', '', 'Off', '', '', '', '0', '0', '0', '', 'Holiday Average hrs', '', '', '', '0', '0', '0', '', 'Hooiday average hrs', '', '', '', '0', '0', '0', '', 'Off', '', '', '', '0', '0', '0', '', 'Off', '', '', '', '0', '0', '0', '', '2025-12-27T08:45:03.056Z', '2025-12-27T08:45:03.056Z', NULL, NULL, NULL, NULL, NULL, 'false', '', '', 'false', '', '', 'false', '', '', 'false', '', '', 'false', '', '', 'false', '', '', 'false', '', '', NULL, '', NULL, '', NULL, '', NULL, '', NULL, '', NULL, '', NULL, '', NULL, NULL, NULL, NULL);
INSERT INTO timesheets (id, user_id, driver_name, week_start_date, approval_status, client_approved_at, client_approved_by, client_comments, monday_client, monday_start, monday_end, monday_break, monday_poa, monday_other_work, monday_total, monday_review, tuesday_client, tuesday_start, tuesday_end, tuesday_break, tuesday_poa, tuesday_other_work, tuesday_total, tuesday_review, wednesday_client, wednesday_start, wednesday_end, wednesday_break, wednesday_poa, wednesday_other_work, wednesday_total, wednesday_review, thursday_client, thursday_start, thursday_end, thursday_break, thursday_poa, thursday_other_work, thursday_total, thursday_review, friday_client, friday_start, friday_end, friday_break, friday_poa, friday_other_work, friday_total, friday_review, saturday_client, saturday_start, saturday_end, saturday_break, saturday_poa, saturday_other_work, saturday_total, saturday_review, sunday_client, sunday_start, sunday_end, sunday_break, sunday_poa, sunday_other_work, sunday_total, sunday_review, created_at, updated_at, batch_id, client_rating, client_modifications, driver_rating, driver_comments, monday_night_out, monday_expense_amount, monday_expense_receipt, tuesday_night_out, tuesday_expense_amount, tuesday_expense_receipt, wednesday_night_out, wednesday_expense_amount, wednesday_expense_receipt, thursday_night_out, thursday_expense_amount, thursday_expense_receipt, friday_night_out, friday_expense_amount, friday_expense_receipt, saturday_night_out, saturday_expense_amount, saturday_expense_receipt, sunday_night_out, sunday_expense_amount, sunday_expense_receipt, monday_driver_rating, monday_driver_comments, tuesday_driver_rating, tuesday_driver_comments, wednesday_driver_rating, wednesday_driver_comments, thursday_driver_rating, thursday_driver_comments, friday_driver_rating, friday_driver_comments, saturday_driver_rating, saturday_driver_comments, sunday_driver_rating, sunday_driver_comments, created_by_client, deleted_at, deleted_by, billable_hours_by_day) VALUES ('33e9586f-5d76-4d9d-8c85-7bcd0bdcf461', '50151066', 'Carlosnorton538 UserCarlos', '2025-12-21', 'draft', NULL, NULL, NULL, '', '05:45', '17:00', '45', '0', '0', '10.50', '', '', '', '', '', '0', '0', '0', '', '', '05:00', '13:45', '45', '0', '0', '8.00', '', '', '', '', '', '0', '0', '0', '', '', '', '', '', '0', '0', '0', '', '', '', '', '', '0', '0', '0', '', '', '', '', '', '0', '0', '0', '', '2025-12-28T09:12:12.236Z', '2025-12-28T09:12:12.236Z', NULL, NULL, NULL, NULL, NULL, 'false', '', '', 'false', '', '', 'false', '', '', 'false', '', '', 'false', '', '', 'false', '', '', 'false', '', '', NULL, '', NULL, '', NULL, '', NULL, '', NULL, '', NULL, '', NULL, '', NULL, NULL, NULL, NULL);
INSERT INTO timesheets (id, user_id, driver_name, week_start_date, approval_status, client_approved_at, client_approved_by, client_comments, monday_client, monday_start, monday_end, monday_break, monday_poa, monday_other_work, monday_total, monday_review, tuesday_client, tuesday_start, tuesday_end, tuesday_break, tuesday_poa, tuesday_other_work, tuesday_total, tuesday_review, wednesday_client, wednesday_start, wednesday_end, wednesday_break, wednesday_poa, wednesday_other_work, wednesday_total, wednesday_review, thursday_client, thursday_start, thursday_end, thursday_break, thursday_poa, thursday_other_work, thursday_total, thursday_review, friday_client, friday_start, friday_end, friday_break, friday_poa, friday_other_work, friday_total, friday_review, saturday_client, saturday_start, saturday_end, saturday_break, saturday_poa, saturday_other_work, saturday_total, saturday_review, sunday_client, sunday_start, sunday_end, sunday_break, sunday_poa, sunday_other_work, sunday_total, sunday_review, created_at, updated_at, batch_id, client_rating, client_modifications, driver_rating, driver_comments, monday_night_out, monday_expense_amount, monday_expense_receipt, tuesday_night_out, tuesday_expense_amount, tuesday_expense_receipt, wednesday_night_out, wednesday_expense_amount, wednesday_expense_receipt, thursday_night_out, thursday_expense_amount, thursday_expense_receipt, friday_night_out, friday_expense_amount, friday_expense_receipt, saturday_night_out, saturday_expense_amount, saturday_expense_receipt, sunday_night_out, sunday_expense_amount, sunday_expense_receipt, monday_driver_rating, monday_driver_comments, tuesday_driver_rating, tuesday_driver_comments, wednesday_driver_rating, wednesday_driver_comments, thursday_driver_rating, thursday_driver_comments, friday_driver_rating, friday_driver_comments, saturday_driver_rating, saturday_driver_comments, sunday_driver_rating, sunday_driver_comments, created_by_client, deleted_at, deleted_by, billable_hours_by_day) VALUES ('24133ec5-05b0-400a-bf4c-063745fe45ce', '49954960', 'Marcin Boginczuk', '2025-12-28', 'draft', NULL, NULL, NULL, 'Poundstretcher', '04:15', '14:45', '45', '0', '0', '9.75', '', 'Poundstretcher', '05:30', '14:45', '45', '0', '0', '8.50', '', 'Off', '', '', '', '0', '0', '0', '', 'Holidays', '', '', '', '0', '0', '0', '', 'Poundstretcher', '05:15', '15:15', '45', '0', '0', '9.25', '', 'Off', '', '', '', '0', '0', '0', '', 'Off', '', '', '', '0', '0', '0', '', '2026-01-04T12:30:38.842Z', '2026-01-04T12:30:38.842Z', NULL, NULL, NULL, NULL, NULL, 'false', '', '', 'false', '', '', 'false', '', '', 'false', '', '', 'false', '', '', 'false', '', '', 'false', '', '', NULL, '', NULL, '', NULL, '', NULL, '', NULL, '', NULL, '', NULL, '', NULL, NULL, NULL, NULL);
INSERT INTO timesheets (id, user_id, driver_name, week_start_date, approval_status, client_approved_at, client_approved_by, client_comments, monday_client, monday_start, monday_end, monday_break, monday_poa, monday_other_work, monday_total, monday_review, tuesday_client, tuesday_start, tuesday_end, tuesday_break, tuesday_poa, tuesday_other_work, tuesday_total, tuesday_review, wednesday_client, wednesday_start, wednesday_end, wednesday_break, wednesday_poa, wednesday_other_work, wednesday_total, wednesday_review, thursday_client, thursday_start, thursday_end, thursday_break, thursday_poa, thursday_other_work, thursday_total, thursday_review, friday_client, friday_start, friday_end, friday_break, friday_poa, friday_other_work, friday_total, friday_review, saturday_client, saturday_start, saturday_end, saturday_break, saturday_poa, saturday_other_work, saturday_total, saturday_review, sunday_client, sunday_start, sunday_end, sunday_break, sunday_poa, sunday_other_work, sunday_total, sunday_review, created_at, updated_at, batch_id, client_rating, client_modifications, driver_rating, driver_comments, monday_night_out, monday_expense_amount, monday_expense_receipt, tuesday_night_out, tuesday_expense_amount, tuesday_expense_receipt, wednesday_night_out, wednesday_expense_amount, wednesday_expense_receipt, thursday_night_out, thursday_expense_amount, thursday_expense_receipt, friday_night_out, friday_expense_amount, friday_expense_receipt, saturday_night_out, saturday_expense_amount, saturday_expense_receipt, sunday_night_out, sunday_expense_amount, sunday_expense_receipt, monday_driver_rating, monday_driver_comments, tuesday_driver_rating, tuesday_driver_comments, wednesday_driver_rating, wednesday_driver_comments, thursday_driver_rating, thursday_driver_comments, friday_driver_rating, friday_driver_comments, saturday_driver_rating, saturday_driver_comments, sunday_driver_rating, sunday_driver_comments, created_by_client, deleted_at, deleted_by, billable_hours_by_day) VALUES ('5cd2ea70-8efb-4215-af1a-6156124aa9ed', '50151066', 'Carlosnorton538 Norton', '2025-12-28', 'draft', NULL, NULL, NULL, '', '06:00', '16:00', '45', '0', '0', '9.25', '', '', '', '', '', '0', '0', '0', '', '', '04:00', '12:00', '45', '0', '0', '7.25', '', '', '', '', '', '0', '0', '0', '', '', '', '', '', '0', '0', '0', '', '', '', '', '', '0', '0', '0', '', '', '', '', '', '0', '0', '0', '', '2026-01-04T16:11:52.713Z', '2026-01-04T16:11:52.713Z', NULL, NULL, NULL, NULL, NULL, 'false', '', '', 'false', '', '', 'false', '', '', 'false', '', '', 'false', '', '', 'false', '', '', 'false', '', '', NULL, '', NULL, '', NULL, '', NULL, '', NULL, '', NULL, '', NULL, '', NULL, NULL, NULL, NULL);
INSERT INTO timesheets (id, user_id, driver_name, week_start_date, approval_status, client_approved_at, client_approved_by, client_comments, monday_client, monday_start, monday_end, monday_break, monday_poa, monday_other_work, monday_total, monday_review, tuesday_client, tuesday_start, tuesday_end, tuesday_break, tuesday_poa, tuesday_other_work, tuesday_total, tuesday_review, wednesday_client, wednesday_start, wednesday_end, wednesday_break, wednesday_poa, wednesday_other_work, wednesday_total, wednesday_review, thursday_client, thursday_start, thursday_end, thursday_break, thursday_poa, thursday_other_work, thursday_total, thursday_review, friday_client, friday_start, friday_end, friday_break, friday_poa, friday_other_work, friday_total, friday_review, saturday_client, saturday_start, saturday_end, saturday_break, saturday_poa, saturday_other_work, saturday_total, saturday_review, sunday_client, sunday_start, sunday_end, sunday_break, sunday_poa, sunday_other_work, sunday_total, sunday_review, created_at, updated_at, batch_id, client_rating, client_modifications, driver_rating, driver_comments, monday_night_out, monday_expense_amount, monday_expense_receipt, tuesday_night_out, tuesday_expense_amount, tuesday_expense_receipt, wednesday_night_out, wednesday_expense_amount, wednesday_expense_receipt, thursday_night_out, thursday_expense_amount, thursday_expense_receipt, friday_night_out, friday_expense_amount, friday_expense_receipt, saturday_night_out, saturday_expense_amount, saturday_expense_receipt, sunday_night_out, sunday_expense_amount, sunday_expense_receipt, monday_driver_rating, monday_driver_comments, tuesday_driver_rating, tuesday_driver_comments, wednesday_driver_rating, wednesday_driver_comments, thursday_driver_rating, thursday_driver_comments, friday_driver_rating, friday_driver_comments, saturday_driver_rating, saturday_driver_comments, sunday_driver_rating, sunday_driver_comments, created_by_client, deleted_at, deleted_by, billable_hours_by_day) VALUES ('567ae283-9008-4bbc-ac51-8e0bf30e62a6', '49954960', 'Marcin Boginczuk', '2026-01-04', 'draft', NULL, NULL, NULL, 'Poundstretcher', '05:30', '16:15', '45', '0', '0', '10.00', '', 'Poundstretcher', '05:30', '18:00', '45', '0', '0', '11.75', '', 'Poundstretcher', '05:30', '17:15', '45', '0', '0', '11.00', '', 'Poundstretcher', '03:15', '14:00', '45', '0', '0', '10.00', '', 'Poundstretcher', '05:30', '16:00', '45', '0', '0', '9.75', '', 'Poundstretcher', '06:30', '15:15', '45', '0', '0', '8.00', '', 'Off', '', '', '', '0', '0', '0', '', '2026-01-10T15:30:14.307Z', '2026-01-10T15:30:14.307Z', NULL, NULL, NULL, NULL, NULL, 'false', '', '', 'false', '', '', 'false', '', '', 'false', '', '', 'false', '', '', 'false', '', '', 'false', '', '', NULL, '', NULL, '', NULL, '', NULL, '', NULL, '', NULL, '', NULL, '', NULL, NULL, NULL, NULL);
INSERT INTO timesheets (id, user_id, driver_name, week_start_date, approval_status, client_approved_at, client_approved_by, client_comments, monday_client, monday_start, monday_end, monday_break, monday_poa, monday_other_work, monday_total, monday_review, tuesday_client, tuesday_start, tuesday_end, tuesday_break, tuesday_poa, tuesday_other_work, tuesday_total, tuesday_review, wednesday_client, wednesday_start, wednesday_end, wednesday_break, wednesday_poa, wednesday_other_work, wednesday_total, wednesday_review, thursday_client, thursday_start, thursday_end, thursday_break, thursday_poa, thursday_other_work, thursday_total, thursday_review, friday_client, friday_start, friday_end, friday_break, friday_poa, friday_other_work, friday_total, friday_review, saturday_client, saturday_start, saturday_end, saturday_break, saturday_poa, saturday_other_work, saturday_total, saturday_review, sunday_client, sunday_start, sunday_end, sunday_break, sunday_poa, sunday_other_work, sunday_total, sunday_review, created_at, updated_at, batch_id, client_rating, client_modifications, driver_rating, driver_comments, monday_night_out, monday_expense_amount, monday_expense_receipt, tuesday_night_out, tuesday_expense_amount, tuesday_expense_receipt, wednesday_night_out, wednesday_expense_amount, wednesday_expense_receipt, thursday_night_out, thursday_expense_amount, thursday_expense_receipt, friday_night_out, friday_expense_amount, friday_expense_receipt, saturday_night_out, saturday_expense_amount, saturday_expense_receipt, sunday_night_out, sunday_expense_amount, sunday_expense_receipt, monday_driver_rating, monday_driver_comments, tuesday_driver_rating, tuesday_driver_comments, wednesday_driver_rating, wednesday_driver_comments, thursday_driver_rating, thursday_driver_comments, friday_driver_rating, friday_driver_comments, saturday_driver_rating, saturday_driver_comments, sunday_driver_rating, sunday_driver_comments, created_by_client, deleted_at, deleted_by, billable_hours_by_day) VALUES ('82b9fe0f-a78d-4664-b6fa-d07526f989a8', '50151066', 'Carlosnorton538 Carlos', '2026-01-04', 'draft', NULL, NULL, NULL, '', '04:00', '12:45', '45', '0', '0', '8.00', '', '', '04:00', '12:45', '45', '0', '0', '8.00', '', '', '04:00', '12:45', '45', '0', '0', '8.00', '', '', '04:00', '12:45', '45', '0', '0', '8.00', '', '', '', '', '', '0', '0', '0', '', '', '03:45', '16:15', '45', '0', '0', '11.75', '', '', '', '', '', '0', '0', '0', '', '2026-01-11T17:08:41.688Z', '2026-01-11T17:08:41.688Z', NULL, NULL, NULL, NULL, NULL, 'false', '', '', 'false', '', '', 'false', '', '', 'false', '', '', 'false', '', '', 'false', '', '', 'false', '', '', NULL, '', NULL, '', NULL, '', NULL, '', NULL, '', NULL, '', NULL, '', NULL, NULL, NULL, NULL);
INSERT INTO timesheets (id, user_id, driver_name, week_start_date, approval_status, client_approved_at, client_approved_by, client_comments, monday_client, monday_start, monday_end, monday_break, monday_poa, monday_other_work, monday_total, monday_review, tuesday_client, tuesday_start, tuesday_end, tuesday_break, tuesday_poa, tuesday_other_work, tuesday_total, tuesday_review, wednesday_client, wednesday_start, wednesday_end, wednesday_break, wednesday_poa, wednesday_other_work, wednesday_total, wednesday_review, thursday_client, thursday_start, thursday_end, thursday_break, thursday_poa, thursday_other_work, thursday_total, thursday_review, friday_client, friday_start, friday_end, friday_break, friday_poa, friday_other_work, friday_total, friday_review, saturday_client, saturday_start, saturday_end, saturday_break, saturday_poa, saturday_other_work, saturday_total, saturday_review, sunday_client, sunday_start, sunday_end, sunday_break, sunday_poa, sunday_other_work, sunday_total, sunday_review, created_at, updated_at, batch_id, client_rating, client_modifications, driver_rating, driver_comments, monday_night_out, monday_expense_amount, monday_expense_receipt, tuesday_night_out, tuesday_expense_amount, tuesday_expense_receipt, wednesday_night_out, wednesday_expense_amount, wednesday_expense_receipt, thursday_night_out, thursday_expense_amount, thursday_expense_receipt, friday_night_out, friday_expense_amount, friday_expense_receipt, saturday_night_out, saturday_expense_amount, saturday_expense_receipt, sunday_night_out, sunday_expense_amount, sunday_expense_receipt, monday_driver_rating, monday_driver_comments, tuesday_driver_rating, tuesday_driver_comments, wednesday_driver_rating, wednesday_driver_comments, thursday_driver_rating, thursday_driver_comments, friday_driver_rating, friday_driver_comments, saturday_driver_rating, saturday_driver_comments, sunday_driver_rating, sunday_driver_comments, created_by_client, deleted_at, deleted_by, billable_hours_by_day) VALUES ('ea50bc6c-34c1-4665-b659-d5cdc96e4a52', '52584360', 'Jennifer Pickering05', '2026-01-04', 'draft', NULL, NULL, NULL, 'Driving Limited', '05:30', '16:00', '', '0', '0', '10.50', '', '', '', '', '', '0', '0', '0', '', '', '', '', '', '0', '0', '0', '', '', '', '', '', '0', '0', '0', '', '', '', '', '', '0', '0', '0', '', '', '', '', '', '0', '0', '0', '', 'Driving Limited', '03:30', '16:30', '45', '0', '0', '12.25', 'I love driving and i have all my teeth ', '2026-01-06T13:28:14.411Z', '2026-01-06T13:47:34.004Z', '096b06c4-a6e3-42e1-8719-81ce78a06b43', NULL, NULL, NULL, NULL, 'false', '', '', 'false', '', '', 'false', '', '', 'false', '', '', 'false', '', '', 'false', '', '', 'false', '', '', NULL, '', NULL, '', NULL, '', NULL, '', NULL, '', NULL, '', NULL, '', NULL, NULL, NULL, NULL);
INSERT INTO timesheets (id, user_id, driver_name, week_start_date, approval_status, client_approved_at, client_approved_by, client_comments, monday_client, monday_start, monday_end, monday_break, monday_poa, monday_other_work, monday_total, monday_review, tuesday_client, tuesday_start, tuesday_end, tuesday_break, tuesday_poa, tuesday_other_work, tuesday_total, tuesday_review, wednesday_client, wednesday_start, wednesday_end, wednesday_break, wednesday_poa, wednesday_other_work, wednesday_total, wednesday_review, thursday_client, thursday_start, thursday_end, thursday_break, thursday_poa, thursday_other_work, thursday_total, thursday_review, friday_client, friday_start, friday_end, friday_break, friday_poa, friday_other_work, friday_total, friday_review, saturday_client, saturday_start, saturday_end, saturday_break, saturday_poa, saturday_other_work, saturday_total, saturday_review, sunday_client, sunday_start, sunday_end, sunday_break, sunday_poa, sunday_other_work, sunday_total, sunday_review, created_at, updated_at, batch_id, client_rating, client_modifications, driver_rating, driver_comments, monday_night_out, monday_expense_amount, monday_expense_receipt, tuesday_night_out, tuesday_expense_amount, tuesday_expense_receipt, wednesday_night_out, wednesday_expense_amount, wednesday_expense_receipt, thursday_night_out, thursday_expense_amount, thursday_expense_receipt, friday_night_out, friday_expense_amount, friday_expense_receipt, saturday_night_out, saturday_expense_amount, saturday_expense_receipt, sunday_night_out, sunday_expense_amount, sunday_expense_receipt, monday_driver_rating, monday_driver_comments, tuesday_driver_rating, tuesday_driver_comments, wednesday_driver_rating, wednesday_driver_comments, thursday_driver_rating, thursday_driver_comments, friday_driver_rating, friday_driver_comments, saturday_driver_rating, saturday_driver_comments, sunday_driver_rating, sunday_driver_comments, created_by_client, deleted_at, deleted_by, billable_hours_by_day) VALUES ('ccdd0bae-d8aa-4454-9b57-3868700c9c9b', '49070627', 'Peter Czinderi', '2026-01-04', 'pending_approval', NULL, NULL, NULL, 'Driving Limited', '06:30', '15:00', '', '0', '0', '8.50', 'sada', '', '', '', '', '0', '0', '0', '', '', '', '', '', '0', '0', '0', '', '', '', '', '', '0', '0', '0', '', '', '', '', '', '0', '0', '0', '', '', '', '', '', '0', '0', '0', '', '', '', '', '', '0', '0', '0', '', '2026-01-08T19:32:45.989Z', '2026-01-08T19:33:11.124Z', 'ebda1979-556c-40ec-af45-8e156eb53e5e', NULL, NULL, NULL, NULL, 'true', '', '', 'false', '', '', 'false', '', '', 'false', '', '', 'false', '', '', 'false', '', '', 'false', '', '', 9, '', NULL, '', NULL, '', NULL, '', NULL, '', NULL, '', NULL, '', NULL, NULL, NULL, NULL);
INSERT INTO timesheets (id, user_id, driver_name, week_start_date, approval_status, client_approved_at, client_approved_by, client_comments, monday_client, monday_start, monday_end, monday_break, monday_poa, monday_other_work, monday_total, monday_review, tuesday_client, tuesday_start, tuesday_end, tuesday_break, tuesday_poa, tuesday_other_work, tuesday_total, tuesday_review, wednesday_client, wednesday_start, wednesday_end, wednesday_break, wednesday_poa, wednesday_other_work, wednesday_total, wednesday_review, thursday_client, thursday_start, thursday_end, thursday_break, thursday_poa, thursday_other_work, thursday_total, thursday_review, friday_client, friday_start, friday_end, friday_break, friday_poa, friday_other_work, friday_total, friday_review, saturday_client, saturday_start, saturday_end, saturday_break, saturday_poa, saturday_other_work, saturday_total, saturday_review, sunday_client, sunday_start, sunday_end, sunday_break, sunday_poa, sunday_other_work, sunday_total, sunday_review, created_at, updated_at, batch_id, client_rating, client_modifications, driver_rating, driver_comments, monday_night_out, monday_expense_amount, monday_expense_receipt, tuesday_night_out, tuesday_expense_amount, tuesday_expense_receipt, wednesday_night_out, wednesday_expense_amount, wednesday_expense_receipt, thursday_night_out, thursday_expense_amount, thursday_expense_receipt, friday_night_out, friday_expense_amount, friday_expense_receipt, saturday_night_out, saturday_expense_amount, saturday_expense_receipt, sunday_night_out, sunday_expense_amount, sunday_expense_receipt, monday_driver_rating, monday_driver_comments, tuesday_driver_rating, tuesday_driver_comments, wednesday_driver_rating, wednesday_driver_comments, thursday_driver_rating, thursday_driver_comments, friday_driver_rating, friday_driver_comments, saturday_driver_rating, saturday_driver_comments, sunday_driver_rating, sunday_driver_comments, created_by_client, deleted_at, deleted_by, billable_hours_by_day) VALUES ('2fa69cb4-f4bc-4ca7-9099-ecf44f1968d4', '49070627', 'Peter Czinderi', '2026-01-04', 'draft', NULL, NULL, NULL, '', '', '', '', '0', '0', '0', '', '', '', '', '', '0', '0', '0', '', '', '', '', '', '0', '0', '0', '', '', '', '', '', '0', '0', '0', '', '', '', '', '', '0', '0', '0', '', '', '', '', '', '0', '0', '0', '', 'Poundstretcher', '05:00', '16:00', '60', '0', '0', '10.00', '', '2026-01-08T19:26:13.338Z', '2026-01-08T19:37:29.965Z', NULL, NULL, NULL, NULL, NULL, 'false', '', '', 'false', '', '', 'false', '', '', 'false', '', '', 'false', '', '', 'false', '', '', 'false', '8', '', NULL, '', NULL, '', NULL, '', NULL, '', NULL, '', NULL, '', 10, '', NULL, '2026-01-08T19:37:29.965Z', '49070627', NULL);
INSERT INTO timesheets (id, user_id, driver_name, week_start_date, approval_status, client_approved_at, client_approved_by, client_comments, monday_client, monday_start, monday_end, monday_break, monday_poa, monday_other_work, monday_total, monday_review, tuesday_client, tuesday_start, tuesday_end, tuesday_break, tuesday_poa, tuesday_other_work, tuesday_total, tuesday_review, wednesday_client, wednesday_start, wednesday_end, wednesday_break, wednesday_poa, wednesday_other_work, wednesday_total, wednesday_review, thursday_client, thursday_start, thursday_end, thursday_break, thursday_poa, thursday_other_work, thursday_total, thursday_review, friday_client, friday_start, friday_end, friday_break, friday_poa, friday_other_work, friday_total, friday_review, saturday_client, saturday_start, saturday_end, saturday_break, saturday_poa, saturday_other_work, saturday_total, saturday_review, sunday_client, sunday_start, sunday_end, sunday_break, sunday_poa, sunday_other_work, sunday_total, sunday_review, created_at, updated_at, batch_id, client_rating, client_modifications, driver_rating, driver_comments, monday_night_out, monday_expense_amount, monday_expense_receipt, tuesday_night_out, tuesday_expense_amount, tuesday_expense_receipt, wednesday_night_out, wednesday_expense_amount, wednesday_expense_receipt, thursday_night_out, thursday_expense_amount, thursday_expense_receipt, friday_night_out, friday_expense_amount, friday_expense_receipt, saturday_night_out, saturday_expense_amount, saturday_expense_receipt, sunday_night_out, sunday_expense_amount, sunday_expense_receipt, monday_driver_rating, monday_driver_comments, tuesday_driver_rating, tuesday_driver_comments, wednesday_driver_rating, wednesday_driver_comments, thursday_driver_rating, thursday_driver_comments, friday_driver_rating, friday_driver_comments, saturday_driver_rating, saturday_driver_comments, sunday_driver_rating, sunday_driver_comments, created_by_client, deleted_at, deleted_by, billable_hours_by_day) VALUES ('ce72b45a-cadd-4db4-b193-3508f507665a', '51017052', 'Cappabrioche1976 ameziane', '2026-01-04', 'draft', NULL, NULL, NULL, 'Casepak', '06:30', '15:45', '45', '0', '0', '8.50', '', 'Casepak', '06:30', '16:30', '45', '0', '0', '9.25', '', 'Casepak', '06:30', '15:30', '45', '0', '0', '8.25', '', 'Casepak', '06:30', '16:45', '45', '0', '0', '9.50', '', 'Casepak', '06:30', '16:00', '45', '0', '0', '8.75', '', 'Off', '', '', '', '0', '0', '0', '', 'Off', '', '', '', '0', '0', '0', '', '2026-01-09T22:38:47.194Z', '2026-01-09T22:38:47.194Z', NULL, NULL, NULL, NULL, NULL, 'false', '', '', 'false', '', '', 'false', '', '', 'false', '', '', 'false', '', '', 'false', '', '', 'false', '', '', 10, '', 10, '', 10, '', 10, '', 10, '', NULL, '', NULL, '', NULL, NULL, NULL, NULL);
INSERT INTO timesheets (id, user_id, driver_name, week_start_date, approval_status, client_approved_at, client_approved_by, client_comments, monday_client, monday_start, monday_end, monday_break, monday_poa, monday_other_work, monday_total, monday_review, tuesday_client, tuesday_start, tuesday_end, tuesday_break, tuesday_poa, tuesday_other_work, tuesday_total, tuesday_review, wednesday_client, wednesday_start, wednesday_end, wednesday_break, wednesday_poa, wednesday_other_work, wednesday_total, wednesday_review, thursday_client, thursday_start, thursday_end, thursday_break, thursday_poa, thursday_other_work, thursday_total, thursday_review, friday_client, friday_start, friday_end, friday_break, friday_poa, friday_other_work, friday_total, friday_review, saturday_client, saturday_start, saturday_end, saturday_break, saturday_poa, saturday_other_work, saturday_total, saturday_review, sunday_client, sunday_start, sunday_end, sunday_break, sunday_poa, sunday_other_work, sunday_total, sunday_review, created_at, updated_at, batch_id, client_rating, client_modifications, driver_rating, driver_comments, monday_night_out, monday_expense_amount, monday_expense_receipt, tuesday_night_out, tuesday_expense_amount, tuesday_expense_receipt, wednesday_night_out, wednesday_expense_amount, wednesday_expense_receipt, thursday_night_out, thursday_expense_amount, thursday_expense_receipt, friday_night_out, friday_expense_amount, friday_expense_receipt, saturday_night_out, saturday_expense_amount, saturday_expense_receipt, sunday_night_out, sunday_expense_amount, sunday_expense_receipt, monday_driver_rating, monday_driver_comments, tuesday_driver_rating, tuesday_driver_comments, wednesday_driver_rating, wednesday_driver_comments, thursday_driver_rating, thursday_driver_comments, friday_driver_rating, friday_driver_comments, saturday_driver_rating, saturday_driver_comments, sunday_driver_rating, sunday_driver_comments, created_by_client, deleted_at, deleted_by, billable_hours_by_day) VALUES ('c4a6daf7-6f8d-4eb6-8a04-80d3063e7ab1', '50135798', 'Sebastian Turyk', '2026-01-04', 'draft', NULL, NULL, NULL, '', '', '', '', '0', '0', '0', '', '', '', '', '', '0', '0', '0', '', '', '', '', '', '0', '0', '0', '', '', '', '', '', '0', '0', '0', '', 'Poundstretcher', '05:30', '16:30', '45', '0', '0', '10.25', '', '', '', '', '', '0', '0', '0', '', '', '', '', '', '0', '0', '0', '', '2026-01-11T19:24:59.663Z', '2026-01-11T19:24:59.663Z', NULL, NULL, NULL, NULL, NULL, 'false', '', '', 'false', '', '', 'false', '', '', 'false', '', '', 'false', '', '', 'false', '', '', 'false', '', '', NULL, '', NULL, '', NULL, '', NULL, '', NULL, '', NULL, '', NULL, '', NULL, NULL, NULL, NULL);
INSERT INTO timesheets (id, user_id, driver_name, week_start_date, approval_status, client_approved_at, client_approved_by, client_comments, monday_client, monday_start, monday_end, monday_break, monday_poa, monday_other_work, monday_total, monday_review, tuesday_client, tuesday_start, tuesday_end, tuesday_break, tuesday_poa, tuesday_other_work, tuesday_total, tuesday_review, wednesday_client, wednesday_start, wednesday_end, wednesday_break, wednesday_poa, wednesday_other_work, wednesday_total, wednesday_review, thursday_client, thursday_start, thursday_end, thursday_break, thursday_poa, thursday_other_work, thursday_total, thursday_review, friday_client, friday_start, friday_end, friday_break, friday_poa, friday_other_work, friday_total, friday_review, saturday_client, saturday_start, saturday_end, saturday_break, saturday_poa, saturday_other_work, saturday_total, saturday_review, sunday_client, sunday_start, sunday_end, sunday_break, sunday_poa, sunday_other_work, sunday_total, sunday_review, created_at, updated_at, batch_id, client_rating, client_modifications, driver_rating, driver_comments, monday_night_out, monday_expense_amount, monday_expense_receipt, tuesday_night_out, tuesday_expense_amount, tuesday_expense_receipt, wednesday_night_out, wednesday_expense_amount, wednesday_expense_receipt, thursday_night_out, thursday_expense_amount, thursday_expense_receipt, friday_night_out, friday_expense_amount, friday_expense_receipt, saturday_night_out, saturday_expense_amount, saturday_expense_receipt, sunday_night_out, sunday_expense_amount, sunday_expense_receipt, monday_driver_rating, monday_driver_comments, tuesday_driver_rating, tuesday_driver_comments, wednesday_driver_rating, wednesday_driver_comments, thursday_driver_rating, thursday_driver_comments, friday_driver_rating, friday_driver_comments, saturday_driver_rating, saturday_driver_comments, sunday_driver_rating, sunday_driver_comments, created_by_client, deleted_at, deleted_by, billable_hours_by_day) VALUES ('30dd99c1-dd6b-4e12-9231-81e933093e81', '49954960', 'Marcin Boginczuk', '2026-01-11', 'draft', NULL, NULL, NULL, 'Poundstretcher', '05:30', '19:30', '45', '0', '0', '13.25', '', 'Poundstretcher', '04:30', '13:15', '45', '0', '0', '8.00', '', 'Poundstretcher', '05:30', '14:15', '45', '0', '0', '8.00', '', 'Poundstretcher', '03:00', '14:15', '45', '0', '0', '10.50', '', 'Poundstretcher', '05:30', '17:00', '45', '0', '0', '10.75', '', '0ff', '', '', '', '0', '0', '0', '', 'Off', '', '', '', '0', '0', '0', '', '2026-01-18T05:40:47.024Z', '2026-01-18T05:40:47.024Z', NULL, NULL, NULL, NULL, NULL, 'true', '', '', 'false', '', '', 'false', '', '', 'false', '', '', 'false', '', '', 'false', '', '', 'false', '', '', NULL, '', NULL, '', NULL, '', NULL, '', NULL, '', NULL, '', NULL, '', NULL, NULL, NULL, NULL);
INSERT INTO timesheets (id, user_id, driver_name, week_start_date, approval_status, client_approved_at, client_approved_by, client_comments, monday_client, monday_start, monday_end, monday_break, monday_poa, monday_other_work, monday_total, monday_review, tuesday_client, tuesday_start, tuesday_end, tuesday_break, tuesday_poa, tuesday_other_work, tuesday_total, tuesday_review, wednesday_client, wednesday_start, wednesday_end, wednesday_break, wednesday_poa, wednesday_other_work, wednesday_total, wednesday_review, thursday_client, thursday_start, thursday_end, thursday_break, thursday_poa, thursday_other_work, thursday_total, thursday_review, friday_client, friday_start, friday_end, friday_break, friday_poa, friday_other_work, friday_total, friday_review, saturday_client, saturday_start, saturday_end, saturday_break, saturday_poa, saturday_other_work, saturday_total, saturday_review, sunday_client, sunday_start, sunday_end, sunday_break, sunday_poa, sunday_other_work, sunday_total, sunday_review, created_at, updated_at, batch_id, client_rating, client_modifications, driver_rating, driver_comments, monday_night_out, monday_expense_amount, monday_expense_receipt, tuesday_night_out, tuesday_expense_amount, tuesday_expense_receipt, wednesday_night_out, wednesday_expense_amount, wednesday_expense_receipt, thursday_night_out, thursday_expense_amount, thursday_expense_receipt, friday_night_out, friday_expense_amount, friday_expense_receipt, saturday_night_out, saturday_expense_amount, saturday_expense_receipt, sunday_night_out, sunday_expense_amount, sunday_expense_receipt, monday_driver_rating, monday_driver_comments, tuesday_driver_rating, tuesday_driver_comments, wednesday_driver_rating, wednesday_driver_comments, thursday_driver_rating, thursday_driver_comments, friday_driver_rating, friday_driver_comments, saturday_driver_rating, saturday_driver_comments, sunday_driver_rating, sunday_driver_comments, created_by_client, deleted_at, deleted_by, billable_hours_by_day) VALUES ('c00ab67e-e1b0-479f-ad1e-b29adfab2c42', '50151066', 'Carlos Norton', '2026-01-11', 'draft', NULL, NULL, NULL, '', '04:00', '12:45', '45', '0', '0', '8.00', '', '', '', '', '', '0', '0', '0', '', '', '04:00', '17:00', '45', '0', '0', '12.25', '', '', '06:00', '14:45', '45', '0', '0', '8.00', '', '', '', '', '', '0', '0', '0', '', '', '05:00', '15:15', '45', '0', '0', '9.50', '', '', '', '', '', '0', '0', '0', '', '2026-01-18T14:12:04.927Z', '2026-01-18T14:12:04.927Z', NULL, NULL, NULL, NULL, NULL, 'false', '', '', 'false', '', '', 'false', '', '', 'false', '', '', 'false', '', '', 'false', '', '', 'false', '', '', NULL, '', NULL, '', NULL, '', NULL, '', NULL, '', NULL, '', NULL, '', NULL, NULL, NULL, NULL);
INSERT INTO timesheets (id, user_id, driver_name, week_start_date, approval_status, client_approved_at, client_approved_by, client_comments, monday_client, monday_start, monday_end, monday_break, monday_poa, monday_other_work, monday_total, monday_review, tuesday_client, tuesday_start, tuesday_end, tuesday_break, tuesday_poa, tuesday_other_work, tuesday_total, tuesday_review, wednesday_client, wednesday_start, wednesday_end, wednesday_break, wednesday_poa, wednesday_other_work, wednesday_total, wednesday_review, thursday_client, thursday_start, thursday_end, thursday_break, thursday_poa, thursday_other_work, thursday_total, thursday_review, friday_client, friday_start, friday_end, friday_break, friday_poa, friday_other_work, friday_total, friday_review, saturday_client, saturday_start, saturday_end, saturday_break, saturday_poa, saturday_other_work, saturday_total, saturday_review, sunday_client, sunday_start, sunday_end, sunday_break, sunday_poa, sunday_other_work, sunday_total, sunday_review, created_at, updated_at, batch_id, client_rating, client_modifications, driver_rating, driver_comments, monday_night_out, monday_expense_amount, monday_expense_receipt, tuesday_night_out, tuesday_expense_amount, tuesday_expense_receipt, wednesday_night_out, wednesday_expense_amount, wednesday_expense_receipt, thursday_night_out, thursday_expense_amount, thursday_expense_receipt, friday_night_out, friday_expense_amount, friday_expense_receipt, saturday_night_out, saturday_expense_amount, saturday_expense_receipt, sunday_night_out, sunday_expense_amount, sunday_expense_receipt, monday_driver_rating, monday_driver_comments, tuesday_driver_rating, tuesday_driver_comments, wednesday_driver_rating, wednesday_driver_comments, thursday_driver_rating, thursday_driver_comments, friday_driver_rating, friday_driver_comments, saturday_driver_rating, saturday_driver_comments, sunday_driver_rating, sunday_driver_comments, created_by_client, deleted_at, deleted_by, billable_hours_by_day) VALUES ('13b0445a-afac-49f9-b396-46fb713f9f37', '50135798', 'Sebastian Turyk', '2026-01-11', 'draft', NULL, NULL, NULL, 'Poundstretcher', '05:30', '14:30', '45', '0', '0', '8.25', '', 'Poundstretcher', '05:30', '17:00', '45', '0', '0', '10.75', '', 'Poundstretcher', '05:30', '15:30', '45', '0', '0', '9.25', '', 'Poundstretcher', '05:30', '16:00', '45', '0', '0', '9.75', '', 'Poundstretcher', '05:30', '15:45', '45', '0', '0', '9.50', '', '', '', '', '', '0', '0', '0', '', '', '', '', '', '0', '0', '0', '', '2026-01-18T20:16:05.113Z', '2026-01-18T20:16:05.113Z', NULL, NULL, NULL, NULL, NULL, 'false', '', '', 'false', '', '', 'false', '', '', 'false', '', '', 'false', '', '', 'false', '', '', 'false', '', '', NULL, '', NULL, '', NULL, '', NULL, '', NULL, '', NULL, '', NULL, '', NULL, NULL, NULL, NULL);
INSERT INTO timesheets (id, user_id, driver_name, week_start_date, approval_status, client_approved_at, client_approved_by, client_comments, monday_client, monday_start, monday_end, monday_break, monday_poa, monday_other_work, monday_total, monday_review, tuesday_client, tuesday_start, tuesday_end, tuesday_break, tuesday_poa, tuesday_other_work, tuesday_total, tuesday_review, wednesday_client, wednesday_start, wednesday_end, wednesday_break, wednesday_poa, wednesday_other_work, wednesday_total, wednesday_review, thursday_client, thursday_start, thursday_end, thursday_break, thursday_poa, thursday_other_work, thursday_total, thursday_review, friday_client, friday_start, friday_end, friday_break, friday_poa, friday_other_work, friday_total, friday_review, saturday_client, saturday_start, saturday_end, saturday_break, saturday_poa, saturday_other_work, saturday_total, saturday_review, sunday_client, sunday_start, sunday_end, sunday_break, sunday_poa, sunday_other_work, sunday_total, sunday_review, created_at, updated_at, batch_id, client_rating, client_modifications, driver_rating, driver_comments, monday_night_out, monday_expense_amount, monday_expense_receipt, tuesday_night_out, tuesday_expense_amount, tuesday_expense_receipt, wednesday_night_out, wednesday_expense_amount, wednesday_expense_receipt, thursday_night_out, thursday_expense_amount, thursday_expense_receipt, friday_night_out, friday_expense_amount, friday_expense_receipt, saturday_night_out, saturday_expense_amount, saturday_expense_receipt, sunday_night_out, sunday_expense_amount, sunday_expense_receipt, monday_driver_rating, monday_driver_comments, tuesday_driver_rating, tuesday_driver_comments, wednesday_driver_rating, wednesday_driver_comments, thursday_driver_rating, thursday_driver_comments, friday_driver_rating, friday_driver_comments, saturday_driver_rating, saturday_driver_comments, sunday_driver_rating, sunday_driver_comments, created_by_client, deleted_at, deleted_by, billable_hours_by_day) VALUES ('16d2f8a2-06af-467b-b3f9-146ae34195e1', '50135798', 'Sebastian Turyk', '2025-11-23', 'draft', NULL, NULL, NULL, '', '', '', '', '0', '0', '0', '', 'Poundstretcher', '05:30', '15:30', '45', '0', '0', '9.25', '', 'Poundstretcher', '05:30', '15:30', '45', '0', '0', '9.25', '', 'Poundstretcher', '05:30', '17:30', '45', '0', '0', '11.25', '', 'Poundstretcher', '05:30', '14:30', '45', '0', '0', '8.25', '', '', '', '', '', '0', '0', '0', '', '', '', '', '', '0', '0', '0', '', '2025-11-28T17:04:50.727Z', '2025-11-28T17:04:50.727Z', NULL, NULL, NULL, NULL, NULL, 'false', '', '', 'false', '', '', 'false', '', '', 'false', '', '', 'false', '', '', 'false', '', '', 'false', '', '', NULL, '', NULL, '', NULL, '', NULL, '', NULL, '', NULL, '', NULL, '', NULL, NULL, NULL, NULL);
INSERT INTO timesheets (id, user_id, driver_name, week_start_date, approval_status, client_approved_at, client_approved_by, client_comments, monday_client, monday_start, monday_end, monday_break, monday_poa, monday_other_work, monday_total, monday_review, tuesday_client, tuesday_start, tuesday_end, tuesday_break, tuesday_poa, tuesday_other_work, tuesday_total, tuesday_review, wednesday_client, wednesday_start, wednesday_end, wednesday_break, wednesday_poa, wednesday_other_work, wednesday_total, wednesday_review, thursday_client, thursday_start, thursday_end, thursday_break, thursday_poa, thursday_other_work, thursday_total, thursday_review, friday_client, friday_start, friday_end, friday_break, friday_poa, friday_other_work, friday_total, friday_review, saturday_client, saturday_start, saturday_end, saturday_break, saturday_poa, saturday_other_work, saturday_total, saturday_review, sunday_client, sunday_start, sunday_end, sunday_break, sunday_poa, sunday_other_work, sunday_total, sunday_review, created_at, updated_at, batch_id, client_rating, client_modifications, driver_rating, driver_comments, monday_night_out, monday_expense_amount, monday_expense_receipt, tuesday_night_out, tuesday_expense_amount, tuesday_expense_receipt, wednesday_night_out, wednesday_expense_amount, wednesday_expense_receipt, thursday_night_out, thursday_expense_amount, thursday_expense_receipt, friday_night_out, friday_expense_amount, friday_expense_receipt, saturday_night_out, saturday_expense_amount, saturday_expense_receipt, sunday_night_out, sunday_expense_amount, sunday_expense_receipt, monday_driver_rating, monday_driver_comments, tuesday_driver_rating, tuesday_driver_comments, wednesday_driver_rating, wednesday_driver_comments, thursday_driver_rating, thursday_driver_comments, friday_driver_rating, friday_driver_comments, saturday_driver_rating, saturday_driver_comments, sunday_driver_rating, sunday_driver_comments, created_by_client, deleted_at, deleted_by, billable_hours_by_day) VALUES ('0df4bed7-fc3d-4c35-92fd-a94cea8e1265', '50128545', 'John Harrison', '2025-11-23', 'draft', NULL, NULL, NULL, 'Poundstretcher', '05:30', '18:15', '45', '0', '0', '12.00', '', 'Poundstretcher', '05:30', '14:15', '45', '0', '0', '8.00', '', 'Poundstretcher', '05:30', '19:15', '45', '0', '0', '13.00', '', 'Poundstretcher', '05:30', '18:00', '45', '0', '0', '11.75', '', 'Poundstretcher', '05:30', '13:30', '45', '0', '0', '7.25', '', '', '', '', '', '0', '0', '0', '', '', '', '', '', '0', '0', '0', '', '2025-11-30T12:55:13.329Z', '2025-11-30T12:55:13.329Z', NULL, NULL, NULL, NULL, NULL, 'false', '', '', 'false', '', '', 'false', '', '', 'false', '', '', 'false', '', '', 'false', '', '', 'false', '', '', NULL, '', NULL, '', NULL, '', NULL, '', NULL, '', NULL, '', NULL, '', NULL, NULL, NULL, NULL);

-- Nincs adat a 'roster_entries' táblához

-- Tábla: client_contacts
-- Rekordok száma: 1

INSERT INTO client_contacts (id, client_id, name, email, phone, is_primary, created_at, updated_at) VALUES ('06087dc8-21b2-4aa2-a11d-c7df04246da6', 'b2cc043a-fb5f-4a70-9214-6623a3fe5935', 'Jennifer Pickering', 'jennifer@acceptrec.co.uk', '', 1, '2026-01-22T08:30:38.729Z', '2026-01-22T08:30:53.875Z');

-- Tábla: batch_timesheets
-- Rekordok száma: 9

INSERT INTO batch_timesheets (id, batch_id, timesheet_id, created_at) VALUES ('0c9ac8ff-13a0-41dc-9512-960ef79598de', 'd00a1696-fb62-4b40-a06c-58410f5802ce', 'b678453d-5e2f-4c69-a2d2-b9c31d9b35d2', '2025-11-25T08:40:46.977Z');
INSERT INTO batch_timesheets (id, batch_id, timesheet_id, created_at) VALUES ('2cb861c7-de11-4d9e-b916-be4392b92e53', 'd00a1696-fb62-4b40-a06c-58410f5802ce', 'c7d200f9-d0ea-4381-8847-4d7c39c63d68', '2025-11-25T08:40:46.977Z');
INSERT INTO batch_timesheets (id, batch_id, timesheet_id, created_at) VALUES ('43f3f254-d4f1-4848-9147-92cdde301101', '096b06c4-a6e3-42e1-8719-81ce78a06b43', 'ea50bc6c-34c1-4665-b659-d5cdc96e4a52', '2026-01-06T13:41:39.606Z');
INSERT INTO batch_timesheets (id, batch_id, timesheet_id, created_at) VALUES ('6a624220-a214-41e2-b01d-40575db8eed1', 'd00a1696-fb62-4b40-a06c-58410f5802ce', '174a48c1-2750-4d5c-85d4-d521fefe2887', '2025-11-25T08:40:46.977Z');
INSERT INTO batch_timesheets (id, batch_id, timesheet_id, created_at) VALUES ('6c1bbe34-33be-4cca-80b6-90c58797a250', 'd00a1696-fb62-4b40-a06c-58410f5802ce', '21b650d1-6918-431a-a4e4-e02a8c396a63', '2025-11-25T08:40:46.977Z');
INSERT INTO batch_timesheets (id, batch_id, timesheet_id, created_at) VALUES ('ab884806-d973-46ea-aa95-83c0b7a1cb9c', 'ebda1979-556c-40ec-af45-8e156eb53e5e', 'ccdd0bae-d8aa-4454-9b57-3868700c9c9b', '2026-01-08T19:33:11.090Z');
INSERT INTO batch_timesheets (id, batch_id, timesheet_id, created_at) VALUES ('f014571b-e862-4000-9a00-324055048efe', 'd00a1696-fb62-4b40-a06c-58410f5802ce', 'de76f5f4-023e-4558-849c-28f8138fb1b9', '2025-11-25T08:40:46.977Z');
INSERT INTO batch_timesheets (id, batch_id, timesheet_id, created_at) VALUES ('f0f14e61-7079-4c42-b973-e50af38e3a44', '18106d6f-9ef8-4a55-baaa-aeb53a8a6580', '051d1c81-22af-4d85-b65c-50fd0ba30326', '2025-12-05T09:24:06.265Z');
INSERT INTO batch_timesheets (id, batch_id, timesheet_id, created_at) VALUES ('fa5c3ea9-59e8-4231-a900-1103534db7e8', 'd00a1696-fb62-4b40-a06c-58410f5802ce', '8dd4ea71-77b6-48aa-ac3f-8e109d2d21b1', '2025-11-25T08:40:46.977Z');

-- Tábla: approval_audit_log
-- Rekordok száma: 22

INSERT INTO approval_audit_log (id, batch_id, timesheet_id, action, performed_by, ip_address, user_agent, notes, timestamp) VALUES ('038a6295-91ab-41e7-afdd-24c6e005a9a5', 'ebda1979-556c-40ec-af45-8e156eb53e5e', NULL, 'link_sent', NULL, '83.106.119.92', 'Mozilla/5.0 (Windows NT 10.0; Win64; x64) AppleWebKit/537.36 (KHTML, like Gecko) Chrome/143.0.0.0 Safari/537.36', 'Email sent to cziindery@gmail.com', '2026-01-08T19:33:11.591Z');
INSERT INTO approval_audit_log (id, batch_id, timesheet_id, action, performed_by, ip_address, user_agent, notes, timestamp) VALUES ('0a509ed1-abb8-4bb0-a0ff-0adb3e0c1287', '096b06c4-a6e3-42e1-8719-81ce78a06b43', 'ea50bc6c-34c1-4665-b659-d5cdc96e4a52', 'approved', 'Maja', '82.0.249.222', 'Mozilla/5.0 (Windows NT 10.0; Win64; x64) AppleWebKit/537.36 (KHTML, like Gecko) Chrome/143.0.0.0 Safari/537.36 Edg/143.0.0.0', 'Rating: 8/10, Modified 1 field(s)', '2026-01-06T13:46:32.889Z');
INSERT INTO approval_audit_log (id, batch_id, timesheet_id, action, performed_by, ip_address, user_agent, notes, timestamp) VALUES ('0b78da5c-5f2e-46bb-844a-22a7eb498907', 'd00a1696-fb62-4b40-a06c-58410f5802ce', NULL, 'link_sent', NULL, '82.0.249.222', 'Mozilla/5.0 (Windows NT 10.0; Win64; x64) AppleWebKit/537.36 (KHTML, like Gecko) Chrome/142.0.0.0 Safari/537.36 Edg/142.0.0.0', 'Email sent to richard.palmer@poundstretcher.co.uk', '2025-11-25T08:40:47.476Z');
INSERT INTO approval_audit_log (id, batch_id, timesheet_id, action, performed_by, ip_address, user_agent, notes, timestamp) VALUES ('1023419e-644c-40ea-8a05-01bc07819386', 'd00a1696-fb62-4b40-a06c-58410f5802ce', NULL, 'link_opened', NULL, '31.14.26.96', 'Mozilla/5.0 (Windows NT 10.0; Win64; x64) AppleWebKit/537.36 (KHTML, like Gecko) Chrome/142.0.0.0 Safari/537.36', 'Approval link accessed', '2025-11-25T08:50:14.573Z');
INSERT INTO approval_audit_log (id, batch_id, timesheet_id, action, performed_by, ip_address, user_agent, notes, timestamp) VALUES ('107f7106-7ea0-476d-96cd-629b661e0a86', '096b06c4-a6e3-42e1-8719-81ce78a06b43', NULL, 'link_opened', NULL, '82.0.249.222', 'Mozilla/5.0 (Windows NT 10.0; Win64; x64) AppleWebKit/537.36 (KHTML, like Gecko) Chrome/143.0.0.0 Safari/537.36 Edg/143.0.0.0', 'Approval link accessed', '2026-01-06T13:45:34.619Z');
INSERT INTO approval_audit_log (id, batch_id, timesheet_id, action, performed_by, ip_address, user_agent, notes, timestamp) VALUES ('21c48cc5-6fb0-4642-bdd4-6ba19af74dfa', '18106d6f-9ef8-4a55-baaa-aeb53a8a6580', '051d1c81-22af-4d85-b65c-50fd0ba30326', 'rejected', 'Adrian Chlebowski', '81.131.63.226', 'Mozilla/5.0 (Windows NT 10.0; Win64; x64) AppleWebKit/537.36 (KHTML, like Gecko) Chrome/142.0.0.0 Safari/537.36 Edg/142.0.0.0', 'Rating: 10/10, Reason: The driver working for us between 6:00 till 18:15. Thank you.', '2025-12-05T09:58:46.583Z');
INSERT INTO approval_audit_log (id, batch_id, timesheet_id, action, performed_by, ip_address, user_agent, notes, timestamp) VALUES ('304a3b2e-f607-4900-81bf-7d2a88a33cf2', 'd00a1696-fb62-4b40-a06c-58410f5802ce', NULL, 'link_opened', NULL, '82.0.249.222', 'Mozilla/5.0 (Windows NT 10.0; Win64; x64) AppleWebKit/537.36 (KHTML, like Gecko) Chrome/142.0.0.0 Safari/537.36', 'Approval link accessed', '2025-11-25T15:56:09.689Z');
INSERT INTO approval_audit_log (id, batch_id, timesheet_id, action, performed_by, ip_address, user_agent, notes, timestamp) VALUES ('30e20b53-4d6c-4d78-b3fd-a864e3f43ab3', 'd00a1696-fb62-4b40-a06c-58410f5802ce', NULL, 'link_opened', NULL, '109.68.13.14', 'Mozilla/5.0 (Windows NT 10.0; Win64; x64) AppleWebKit/537.36 (KHTML, like Gecko) Chrome/142.0.0.0 Safari/537.36', 'Approval link accessed', '2025-11-25T08:53:05.826Z');
INSERT INTO approval_audit_log (id, batch_id, timesheet_id, action, performed_by, ip_address, user_agent, notes, timestamp) VALUES ('43784bf5-b733-429f-9e69-d0210a05fb6e', 'd00a1696-fb62-4b40-a06c-58410f5802ce', NULL, 'link_opened', NULL, '109.68.13.14', 'Mozilla/5.0 (Windows NT 10.0; Win64; x64) AppleWebKit/537.36 (KHTML, like Gecko) Chrome/142.0.0.0 Safari/537.36', 'Approval link accessed', '2025-11-25T08:50:23.623Z');
INSERT INTO approval_audit_log (id, batch_id, timesheet_id, action, performed_by, ip_address, user_agent, notes, timestamp) VALUES ('4d566993-08f6-4f30-b0f0-736084d291a5', 'ebda1979-556c-40ec-af45-8e156eb53e5e', NULL, 'link_opened', NULL, '83.106.119.92', 'Mozilla/5.0 (Windows NT 10.0; Win64; x64) AppleWebKit/537.36 (KHTML, like Gecko) Chrome/143.0.0.0 Safari/537.36', 'Approval link accessed', '2026-01-08T21:57:38.698Z');
INSERT INTO approval_audit_log (id, batch_id, timesheet_id, action, performed_by, ip_address, user_agent, notes, timestamp) VALUES ('5eed3280-e58e-44d8-b943-4c87c79e3207', '18106d6f-9ef8-4a55-baaa-aeb53a8a6580', NULL, 'link_opened', NULL, '81.131.63.226', 'Mozilla/5.0 (Windows NT 10.0; Win64; x64) AppleWebKit/537.36 (KHTML, like Gecko) Chrome/142.0.0.0 Safari/537.36 Edg/142.0.0.0', 'Approval link accessed', '2025-12-05T09:56:50.759Z');
INSERT INTO approval_audit_log (id, batch_id, timesheet_id, action, performed_by, ip_address, user_agent, notes, timestamp) VALUES ('6b315722-3bda-4c76-a49e-d90d7f03e2d4', '096b06c4-a6e3-42e1-8719-81ce78a06b43', NULL, 'link_opened', NULL, '82.0.249.222', 'Mozilla/5.0 (Windows NT 10.0; Win64; x64) AppleWebKit/537.36 (KHTML, like Gecko) Chrome/143.0.0.0 Safari/537.36 Edg/143.0.0.0', 'Approval link accessed', '2026-01-06T13:46:33.354Z');
INSERT INTO approval_audit_log (id, batch_id, timesheet_id, action, performed_by, ip_address, user_agent, notes, timestamp) VALUES ('82213029-0fef-4104-a8ef-bff34c52313f', '18106d6f-9ef8-4a55-baaa-aeb53a8a6580', NULL, 'link_opened', NULL, '109.207.140.3', 'Mozilla/5.0 (Windows NT 10.0; Win64; x64) AppleWebKit/537.36 (KHTML, like Gecko) Chrome/142.0.0.0 Safari/537.36 Edg/142.0.0.0', 'Approval link accessed', '2025-12-05T09:56:48.824Z');
INSERT INTO approval_audit_log (id, batch_id, timesheet_id, action, performed_by, ip_address, user_agent, notes, timestamp) VALUES ('880dc98e-1fa5-4b33-a13d-98810d113774', '18106d6f-9ef8-4a55-baaa-aeb53a8a6580', NULL, 'link_opened', NULL, '81.131.63.226', 'Mozilla/5.0 (Windows NT 10.0; Win64; x64) AppleWebKit/537.36 (KHTML, like Gecko) Chrome/142.0.0.0 Safari/537.36 Edg/142.0.0.0', 'Approval link accessed', '2025-12-05T09:58:47.048Z');
INSERT INTO approval_audit_log (id, batch_id, timesheet_id, action, performed_by, ip_address, user_agent, notes, timestamp) VALUES ('8cf742ed-87a8-4581-9df2-36ef1d506c08', 'd00a1696-fb62-4b40-a06c-58410f5802ce', 'b678453d-5e2f-4c69-a2d2-b9c31d9b35d2', 'rejected', 'Richard ', '109.68.13.14', 'Mozilla/5.0 (Windows NT 10.0; Win64; x64) AppleWebKit/537.36 (KHTML, like Gecko) Chrome/142.0.0.0 Safari/537.36', 'Rating: 2/10, Reason: in correct name ', '2025-11-25T08:53:05.295Z');
INSERT INTO approval_audit_log (id, batch_id, timesheet_id, action, performed_by, ip_address, user_agent, notes, timestamp) VALUES ('9361ab39-c7be-48f1-825e-1d92f8d3f1c2', '096b06c4-a6e3-42e1-8719-81ce78a06b43', NULL, 'link_opened', NULL, '172.186.8.134', 'Mozilla/5.0 (Linux; Android 10; K) AppleWebKit/537.36 (KHTML, like Gecko) Chrome/144.0.0.0 Mobile Safari/537.36', 'Approval link accessed', '2026-01-06T13:45:41.988Z');
INSERT INTO approval_audit_log (id, batch_id, timesheet_id, action, performed_by, ip_address, user_agent, notes, timestamp) VALUES ('9596a1d7-f93f-45cc-ba70-e62a770582e3', 'ebda1979-556c-40ec-af45-8e156eb53e5e', NULL, 'link_opened', NULL, '62.252.115.135', 'Mozilla/5.0 (Windows NT 6.2; Win64; x64) AppleWebKit/537.36 (KHTML, like Gecko) Chrome/143.0.7499.146 Safari/537.36', 'Approval link accessed', '2026-01-08T19:33:48.982Z');
INSERT INTO approval_audit_log (id, batch_id, timesheet_id, action, performed_by, ip_address, user_agent, notes, timestamp) VALUES ('c9374cb8-4822-4141-a5f1-56226fae554c', 'd00a1696-fb62-4b40-a06c-58410f5802ce', '8dd4ea71-77b6-48aa-ac3f-8e109d2d21b1', 'rejected', 'Richard ', '109.68.13.14', 'Mozilla/5.0 (Windows NT 10.0; Win64; x64) AppleWebKit/537.36 (KHTML, like Gecko) Chrome/142.0.0.0 Safari/537.36', 'Rating: 9/10, Reason: not completed hours ', '2025-11-25T08:52:35.580Z');
INSERT INTO approval_audit_log (id, batch_id, timesheet_id, action, performed_by, ip_address, user_agent, notes, timestamp) VALUES ('d0272c29-2866-499f-9920-ab8517c759c7', '096b06c4-a6e3-42e1-8719-81ce78a06b43', NULL, 'link_sent', NULL, '82.0.249.222', 'Mozilla/5.0 (Windows NT 10.0; Win64; x64) AppleWebKit/537.36 (KHTML, like Gecko) Chrome/143.0.0.0 Safari/537.36 Edg/143.0.0.0', 'Email sent to maja@acceptrec.co.uk', '2026-01-06T13:41:40.105Z');
INSERT INTO approval_audit_log (id, batch_id, timesheet_id, action, performed_by, ip_address, user_agent, notes, timestamp) VALUES ('df956127-1a06-4146-8433-4acae33d6664', 'ebda1979-556c-40ec-af45-8e156eb53e5e', NULL, 'link_opened', NULL, '83.106.119.92', 'Mozilla/5.0 (Windows NT 10.0; Win64; x64) AppleWebKit/537.36 (KHTML, like Gecko) Chrome/143.0.0.0 Safari/537.36', 'Approval link accessed', '2026-01-08T19:33:38.221Z');
INSERT INTO approval_audit_log (id, batch_id, timesheet_id, action, performed_by, ip_address, user_agent, notes, timestamp) VALUES ('f45c49fb-2155-43c0-9537-f2ad4b28ac62', '18106d6f-9ef8-4a55-baaa-aeb53a8a6580', NULL, 'link_sent', NULL, '82.0.249.222', 'Mozilla/5.0 (Windows NT 10.0; Win64; x64) AppleWebKit/537.36 (KHTML, like Gecko) Chrome/142.0.0.0 Safari/537.36 Edg/142.0.0.0', 'Email sent to Adrian.Chlebowski@mawbyandking.co.uk', '2025-12-05T09:24:06.731Z');
INSERT INTO approval_audit_log (id, batch_id, timesheet_id, action, performed_by, ip_address, user_agent, notes, timestamp) VALUES ('ff93bdf3-4f37-46ea-b4f4-4437b8379852', 'd00a1696-fb62-4b40-a06c-58410f5802ce', NULL, 'link_opened', NULL, '109.68.13.14', 'Mozilla/5.0 (Windows NT 10.0; Win64; x64) AppleWebKit/537.36 (KHTML, like Gecko) Chrome/142.0.0.0 Safari/537.36', 'Approval link accessed', '2025-11-25T08:52:36.019Z');

-- Tábla: system_audit_log
-- Rekordok száma: 57

INSERT INTO system_audit_log (id, user_id, user_email, user_name, action, entity_type, entity_id, entity_name, changes, ip_address, user_agent, notes, timestamp) VALUES ('011efb09-1560-4581-8d26-c06c4813bd84', '50128545', 'john3harrison@outlook.com', 'John Harrison', 'submit', 'timesheet', '0df4bed7-fc3d-4c35-92fd-a94cea8e1265', 'John Harrison - Week of 2025-11-23', NULL, NULL, NULL, 'Timesheet submitted for week starting 2025-11-23', '2025-11-30T12:55:13.407Z');
INSERT INTO system_audit_log (id, user_id, user_email, user_name, action, entity_type, entity_id, entity_name, changes, ip_address, user_agent, notes, timestamp) VALUES ('0128da60-943b-4c07-855e-715965689b59', '42651577', 'mark@acceptrec.co.uk', 'Mark Pearce', 'role_change', 'user', '49953319', 'null null', '{"role":{"new":"client","old":"driver"}}', NULL, NULL, 'Role changed from driver to client', '2026-01-08T20:43:36.422Z');
INSERT INTO system_audit_log (id, user_id, user_email, user_name, action, entity_type, entity_id, entity_name, changes, ip_address, user_agent, notes, timestamp) VALUES ('02d927e0-9aba-41ab-b45a-ed86cdd1b42d', '42651577', 'mark@acceptrec.co.uk', 'Mark Pearce', 'role_change', 'user', '49953878', 'Admin User', '{"role":{"new":"client","old":"admin"}}', NULL, NULL, 'Role changed from admin to client', '2026-01-08T20:41:40.792Z');
INSERT INTO system_audit_log (id, user_id, user_email, user_name, action, entity_type, entity_id, entity_name, changes, ip_address, user_agent, notes, timestamp) VALUES ('041c9624-b793-4297-bd6c-df850e95acd9', '49070627', 'peter@acceptrec.co.uk', 'Peter Czinderi', 'role_change', 'user', '49738993', 'Jennifer User', '{"role":{"new":"admin","old":"client"}}', NULL, NULL, 'Role changed from client to admin', '2026-01-12T14:21:15.575Z');
INSERT INTO system_audit_log (id, user_id, user_email, user_name, action, entity_type, entity_id, entity_name, changes, ip_address, user_agent, notes, timestamp) VALUES ('04379d86-6be4-4456-8d7a-43e948a43ee2', '50151066', 'carlosnorton538@gmail.com', 'Carlosnorton538 User Thanks', 'submit', 'timesheet', 'd315f35f-27c6-4d62-a196-251c9cf96d27', 'Carlosnorton538 User Thanks - Week of 2025-11-23', NULL, NULL, NULL, 'Timesheet submitted for week starting 2025-11-23', '2025-12-01T09:09:18.516Z');
INSERT INTO system_audit_log (id, user_id, user_email, user_name, action, entity_type, entity_id, entity_name, changes, ip_address, user_agent, notes, timestamp) VALUES ('0c064b52-afb5-4e1f-951e-baf7620e800b', 'client', '', 'Maja', 'approve', 'timesheet', 'ea50bc6c-34c1-4665-b659-d5cdc96e4a52', 'Jennifer Pickering05 - Week of 2026-01-04', NULL, NULL, NULL, 'Client Driving Limited approved timesheet with modifications. Rating: 8/10', '2026-01-06T13:46:32.935Z');
INSERT INTO system_audit_log (id, user_id, user_email, user_name, action, entity_type, entity_id, entity_name, changes, ip_address, user_agent, notes, timestamp) VALUES ('0da03e7c-2e5c-4e10-adf1-626d1c9cb63b', '42651577', 'mark@acceptrec.co.uk', 'Mark Pearce', 'impersonation_ended', 'impersonation', NULL, NULL, NULL, '83.106.119.92', 'Mozilla/5.0 (Windows NT 10.0; Win64; x64) AppleWebKit/537.36 (KHTML, like Gecko) Chrome/143.0.0.0 Safari/537.36', 'Super admin Mark Pearce stopped impersonating client role as Poundstretcher | Device: Chrome 143.0.0.0 on Windows 10 - Desktop', '2026-01-08T23:53:26.513Z');
INSERT INTO system_audit_log (id, user_id, user_email, user_name, action, entity_type, entity_id, entity_name, changes, ip_address, user_agent, notes, timestamp) VALUES ('16218f53-f2e1-4502-b0ac-01c0bbe014da', '42651577', 'mark@acceptrec.co.uk', 'Mark Pearce', 'impersonation_ended', 'impersonation', NULL, NULL, NULL, '82.0.249.222', 'Mozilla/5.0 (Windows NT 10.0; Win64; x64) AppleWebKit/537.36 (KHTML, like Gecko) Chrome/142.0.0.0 Safari/537.36', 'Super admin Mark Pearce stopped impersonating client role as Poundstretcher | Device: Chrome 142.0.0.0 on Windows 10 - Desktop', '2026-01-09T08:52:59.518Z');
INSERT INTO system_audit_log (id, user_id, user_email, user_name, action, entity_type, entity_id, entity_name, changes, ip_address, user_agent, notes, timestamp) VALUES ('21a8c4fb-058e-4f7a-8669-02c61a223f6c', '42651577', 'mark@acceptrec.co.uk', 'Mark Pearce', 'role_change', 'user', '49953878', 'Admin User', '{"role":{"new":"driver","old":"client"}}', NULL, NULL, 'Role changed from client to driver', '2026-01-08T23:53:45.309Z');
INSERT INTO system_audit_log (id, user_id, user_email, user_name, action, entity_type, entity_id, entity_name, changes, ip_address, user_agent, notes, timestamp) VALUES ('2b84a09a-7f06-442d-8353-53cab76fc0f7', '50151066', 'carlosnorton538@gmail.com', 'Carlos Norton', 'submit', 'timesheet', 'c00ab67e-e1b0-479f-ad1e-b29adfab2c42', 'Carlos Norton - Week of 2026-01-11', NULL, NULL, NULL, 'Timesheet submitted for week starting 2026-01-11', '2026-01-18T14:12:04.990Z');
INSERT INTO system_audit_log (id, user_id, user_email, user_name, action, entity_type, entity_id, entity_name, changes, ip_address, user_agent, notes, timestamp) VALUES ('30057958-fa2f-4565-aac0-518a2cef46dd', '49100996', 'maja@acceptrec.co.uk', 'Maja User', 'delete', 'timesheet', 'f60b27c1-16af-4da4-87ca-934d780ec339', 'Sebastian Turyk - Week of 2025-11-16', NULL, NULL, NULL, 'Timesheet deleted (soft delete)', '2025-11-25T08:30:50.449Z');
INSERT INTO system_audit_log (id, user_id, user_email, user_name, action, entity_type, entity_id, entity_name, changes, ip_address, user_agent, notes, timestamp) VALUES ('3cb947e0-5779-4882-956a-49d94bd028e2', '49100996', 'maja@acceptrec.co.uk', 'Maja User', 'delete', 'timesheet', 'e54a259c-ae1a-4db7-859b-b88dcd2c8fda', 'Marcin Boginczuk - Week of 2025-11-16', NULL, NULL, NULL, 'Timesheet deleted (soft delete)', '2025-11-25T08:31:03.102Z');
INSERT INTO system_audit_log (id, user_id, user_email, user_name, action, entity_type, entity_id, entity_name, changes, ip_address, user_agent, notes, timestamp) VALUES ('3fe3cc99-68e6-4411-967e-04786e3ff7b1', '42651577', 'mark@acceptrec.co.uk', 'Mark Pearce', 'impersonation_ended', 'impersonation', NULL, NULL, NULL, '82.0.249.222', 'Mozilla/5.0 (Windows NT 10.0; Win64; x64) AppleWebKit/537.36 (KHTML, like Gecko) Chrome/142.0.0.0 Safari/537.36', 'Super admin Mark Pearce stopped impersonating client role as Poundstretcher | Device: Chrome 142.0.0.0 on Windows 10 - Desktop', '2026-01-09T08:57:05.169Z');
INSERT INTO system_audit_log (id, user_id, user_email, user_name, action, entity_type, entity_id, entity_name, changes, ip_address, user_agent, notes, timestamp) VALUES ('45d7ea17-ed56-4c04-b965-bf1b45293fc8', '50151066', 'carlosnorton538@gmail.com', 'Carlosnorton538 Carlos', 'submit', 'timesheet', '82b9fe0f-a78d-4664-b6fa-d07526f989a8', 'Carlosnorton538 Carlos - Week of 2026-01-04', NULL, NULL, NULL, 'Timesheet submitted for week starting 2026-01-04', '2026-01-11T17:08:41.751Z');
INSERT INTO system_audit_log (id, user_id, user_email, user_name, action, entity_type, entity_id, entity_name, changes, ip_address, user_agent, notes, timestamp) VALUES ('4d83ae23-6a2e-4998-abb6-6d0e44310fc6', '42651577', 'mark@acceptrec.co.uk', 'Mark Pearce', 'role_change', 'user', '49947655', 'Peter Czinderi', '{"role":{"new":"client","old":"driver"}}', NULL, NULL, 'Role changed from driver to client', '2026-01-09T08:57:28.433Z');
INSERT INTO system_audit_log (id, user_id, user_email, user_name, action, entity_type, entity_id, entity_name, changes, ip_address, user_agent, notes, timestamp) VALUES ('4ede69f6-5d3b-44c3-825e-8846849a60fc', '50154107', 'matrydlich@gmail.com', 'Mateusz Rydlichowski', 'submit', 'timesheet', '051d1c81-22af-4d85-b65c-50fd0ba30326', 'Mateusz Rydlichowski - Week of 2025-11-30', NULL, NULL, NULL, 'Timesheet submitted for week starting 2025-11-30', '2025-12-05T09:00:26.286Z');
INSERT INTO system_audit_log (id, user_id, user_email, user_name, action, entity_type, entity_id, entity_name, changes, ip_address, user_agent, notes, timestamp) VALUES ('4fa7ab9a-62f6-4946-b1d4-016bb89feb6a', '50151066', 'carlosnorton538@gmail.com', 'Carlosnorton538 Norton', 'submit', 'timesheet', '2ab023c5-93b9-431a-9b55-4a8206c1f978', 'Carlosnorton538 Norton - Week of 2025-12-07', NULL, NULL, NULL, 'Timesheet submitted for week starting 2025-12-07', '2025-12-13T22:34:32.368Z');
INSERT INTO system_audit_log (id, user_id, user_email, user_name, action, entity_type, entity_id, entity_name, changes, ip_address, user_agent, notes, timestamp) VALUES ('58bc4b7e-8b97-4bd9-9bd2-8d5ee21b9190', '49954960', 'marcin.bogi@gmail.com', 'Marcin Boginczuk', 'submit', 'timesheet', '24133ec5-05b0-400a-bf4c-063745fe45ce', 'Marcin Boginczuk - Week of 2025-12-28', NULL, NULL, NULL, 'Timesheet submitted for week starting 2025-12-28', '2026-01-04T12:30:38.909Z');
INSERT INTO system_audit_log (id, user_id, user_email, user_name, action, entity_type, entity_id, entity_name, changes, ip_address, user_agent, notes, timestamp) VALUES ('5a35b2ab-c3c9-482c-a43e-197efefaf5e3', '42651577', 'mark@acceptrec.co.uk', 'Mark Pearce', 'impersonation_started', 'impersonation', NULL, 'Poundstretcher', NULL, '82.0.249.222', 'Mozilla/5.0 (Windows NT 10.0; Win64; x64) AppleWebKit/537.36 (KHTML, like Gecko) Chrome/142.0.0.0 Safari/537.36', 'Super admin started impersonating client role as Poundstretcher | Device: Chrome 142.0.0.0 on Windows 10 - Desktop', '2026-01-09T08:56:44.604Z');
INSERT INTO system_audit_log (id, user_id, user_email, user_name, action, entity_type, entity_id, entity_name, changes, ip_address, user_agent, notes, timestamp) VALUES ('5dee3a35-63ef-4caa-9ab3-0f8ad7d543a4', '50135798', 'sebo8711@gmail.com', 'Sebastian Turyk', 'submit', 'timesheet', 'c4a6daf7-6f8d-4eb6-8a04-80d3063e7ab1', 'Sebastian Turyk - Week of 2026-01-04', NULL, NULL, NULL, 'Timesheet submitted for week starting 2026-01-04', '2026-01-11T19:24:59.718Z');
INSERT INTO system_audit_log (id, user_id, user_email, user_name, action, entity_type, entity_id, entity_name, changes, ip_address, user_agent, notes, timestamp) VALUES ('5f3af631-4fd7-4a6b-9498-0d8f2056c3fa', '49954960', 'marcin.bogi@gmail.com', 'Marcin Boginczuk', 'submit', 'timesheet', '30dd99c1-dd6b-4e12-9231-81e933093e81', 'Marcin Boginczuk - Week of 2026-01-11', NULL, NULL, NULL, 'Timesheet submitted for week starting 2026-01-11', '2026-01-18T05:40:47.082Z');
INSERT INTO system_audit_log (id, user_id, user_email, user_name, action, entity_type, entity_id, entity_name, changes, ip_address, user_agent, notes, timestamp) VALUES ('60860b0f-0219-49a7-8676-126a99db24f3', '49100996', 'maja@acceptrec.co.uk', 'Maja Wojtaszko', 'update', 'timesheet', 'ea50bc6c-34c1-4665-b659-d5cdc96e4a52', 'Jennifer Pickering05 - Week of 2026-01-04', NULL, NULL, NULL, 'Timesheet updated', '2026-01-06T13:47:34.071Z');
INSERT INTO system_audit_log (id, user_id, user_email, user_name, action, entity_type, entity_id, entity_name, changes, ip_address, user_agent, notes, timestamp) VALUES ('63cc46fd-fb69-44a0-887c-dbce577f1d32', '49954960', 'marcin.bogi@gmail.com', 'Marcin Boginczuk', 'submit', 'timesheet', '09b0e20f-8980-47ab-80c2-660ee6f3eedd', 'Marcin Boginczuk - Week of 2025-11-30', NULL, NULL, NULL, 'Timesheet submitted for week starting 2025-11-30', '2025-12-07T10:12:27.453Z');
INSERT INTO system_audit_log (id, user_id, user_email, user_name, action, entity_type, entity_id, entity_name, changes, ip_address, user_agent, notes, timestamp) VALUES ('6457706a-c809-4f66-8ced-c979a52031b1', '42651577', 'mark@acceptrec.co.uk', 'Mark Pearce', 'impersonation_started', 'impersonation', NULL, 'Poundstretcher', NULL, '83.106.119.92', 'Mozilla/5.0 (Windows NT 10.0; Win64; x64) AppleWebKit/537.36 (KHTML, like Gecko) Chrome/143.0.0.0 Safari/537.36', 'Super admin started impersonating client role as Poundstretcher | Device: Chrome 143.0.0.0 on Windows 10 - Desktop', '2026-01-08T23:53:05.340Z');
INSERT INTO system_audit_log (id, user_id, user_email, user_name, action, entity_type, entity_id, entity_name, changes, ip_address, user_agent, notes, timestamp) VALUES ('649506e9-b00d-4b4c-9a52-79227627ab72', '42651577', 'mark@acceptrec.co.uk', 'Mark Pearce', 'delete', 'client', 'e6ec59d8-9799-4157-810b-9ebbd52249a8', 'Poundstretcher', NULL, NULL, NULL, 'Client deleted (soft delete)', '2025-11-25T11:46:06.568Z');
INSERT INTO system_audit_log (id, user_id, user_email, user_name, action, entity_type, entity_id, entity_name, changes, ip_address, user_agent, notes, timestamp) VALUES ('77c64cb9-82ff-4920-808d-1bd9e2963827', '50135798', 'sebo8711@gmail.com', 'Sebastian Turyk', 'submit', 'timesheet', '13b0445a-afac-49f9-b396-46fb713f9f37', 'Sebastian Turyk - Week of 2026-01-11', NULL, NULL, NULL, 'Timesheet submitted for week starting 2026-01-11', '2026-01-18T20:16:05.171Z');
INSERT INTO system_audit_log (id, user_id, user_email, user_name, action, entity_type, entity_id, entity_name, changes, ip_address, user_agent, notes, timestamp) VALUES ('7a761dfd-1666-44ef-8418-475ee0904f12', '50154107', 'matrydlich@gmail.com', 'Matrydlich Mateusz', 'submit', 'timesheet', '0f055b0f-b292-40b5-88c2-430831ad8243', 'Matrydlich Mateusz - Week of 2025-11-23', NULL, NULL, NULL, 'Timesheet submitted for week starting 2025-11-23', '2025-12-01T09:05:35.454Z');
INSERT INTO system_audit_log (id, user_id, user_email, user_name, action, entity_type, entity_id, entity_name, changes, ip_address, user_agent, notes, timestamp) VALUES ('7cbe8657-d9d2-403b-a8bd-b94df7314e3d', '49954960', 'marcin.bogi@gmail.com', 'Marcin Boginczuk', 'submit', 'timesheet', 'f0527a3d-4878-415a-8aa6-6939f029d080', 'Marcin Boginczuk - Week of 2025-12-21', NULL, NULL, NULL, 'Timesheet submitted for week starting 2025-12-21', '2025-12-27T08:45:03.117Z');
INSERT INTO system_audit_log (id, user_id, user_email, user_name, action, entity_type, entity_id, entity_name, changes, ip_address, user_agent, notes, timestamp) VALUES ('7d18a5c5-c4d2-40eb-a0be-1e7815bbd0d7', '50151066', 'carlosnorton538@gmail.com', 'Carlosnorton538 UserCarlos', 'submit', 'timesheet', '33e9586f-5d76-4d9d-8c85-7bcd0bdcf461', 'Carlosnorton538 UserCarlos - Week of 2025-12-21', NULL, NULL, NULL, 'Timesheet submitted for week starting 2025-12-21', '2025-12-28T09:12:12.299Z');
INSERT INTO system_audit_log (id, user_id, user_email, user_name, action, entity_type, entity_id, entity_name, changes, ip_address, user_agent, notes, timestamp) VALUES ('8da6a718-240c-4b76-89a5-e784c8e83722', '49070627', 'peter@acceptrec.co.uk', 'Peter Czinderi', 'delete', 'timesheet', '2fa69cb4-f4bc-4ca7-9099-ecf44f1968d4', 'Peter Czinderi - Week of 2026-01-04', NULL, NULL, NULL, 'Timesheet deleted (soft delete)', '2026-01-08T19:37:30.033Z');
INSERT INTO system_audit_log (id, user_id, user_email, user_name, action, entity_type, entity_id, entity_name, changes, ip_address, user_agent, notes, timestamp) VALUES ('92956c99-bf2d-4e14-a7b4-1cc91efd873c', '49954960', 'marcin.bogi@gmail.com', 'Marcin Boginczuk', 'submit', 'timesheet', 'a7f6dbd9-fbaf-485a-b925-2e227ede2daa', 'Marcin Boginczuk - Week of 2025-12-14', NULL, NULL, NULL, 'Timesheet submitted for week starting 2025-12-14', '2025-12-22T16:21:04.305Z');
INSERT INTO system_audit_log (id, user_id, user_email, user_name, action, entity_type, entity_id, entity_name, changes, ip_address, user_agent, notes, timestamp) VALUES ('92ca348e-abf0-43f4-87b6-24f196001a7f', '49954960', 'marcin.bogi@gmail.com', 'Marcin Boginczuk', 'submit', 'timesheet', '9d6b2ae9-433f-4e01-b975-7e73fac7e860', 'Marcin Boginczuk - Week of 2025-12-07', NULL, NULL, NULL, 'Timesheet submitted for week starting 2025-12-07', '2025-12-14T16:09:54.091Z');
INSERT INTO system_audit_log (id, user_id, user_email, user_name, action, entity_type, entity_id, entity_name, changes, ip_address, user_agent, notes, timestamp) VALUES ('9854f00f-348c-4bf1-82e0-effd63bd8375', '50151066', 'carlosnorton538@gmail.com', 'Carlosnorton538 Norton', 'submit', 'timesheet', '5cd2ea70-8efb-4215-af1a-6156124aa9ed', 'Carlosnorton538 Norton - Week of 2025-12-28', NULL, NULL, NULL, 'Timesheet submitted for week starting 2025-12-28', '2026-01-04T16:11:52.773Z');
INSERT INTO system_audit_log (id, user_id, user_email, user_name, action, entity_type, entity_id, entity_name, changes, ip_address, user_agent, notes, timestamp) VALUES ('9cb43e11-fb6f-4296-a027-d4a0347c813e', '50135798', 'sebo8711@gmail.com', 'Sebastian Turyk', 'submit', 'timesheet', '95bf248e-e161-49cc-8be8-ede26ed0f87e', 'Sebastian Turyk - Week of 2025-12-07', NULL, NULL, NULL, 'Timesheet submitted for week starting 2025-12-07', '2025-12-15T11:41:54.520Z');
INSERT INTO system_audit_log (id, user_id, user_email, user_name, action, entity_type, entity_id, entity_name, changes, ip_address, user_agent, notes, timestamp) VALUES ('9ea76d64-0cf0-485f-be47-f92c33ed9aaa', '49954960', 'marcin.bogi@gmail.com', 'Marcin Boginczuk', 'submit', 'timesheet', '1dba570a-8aeb-4f78-ac19-7a101fdd965d', 'Marcin Boginczuk - Week of 2025-11-30', NULL, NULL, NULL, 'Timesheet submitted for week starting 2025-11-30', '2025-11-30T15:26:18.151Z');
INSERT INTO system_audit_log (id, user_id, user_email, user_name, action, entity_type, entity_id, entity_name, changes, ip_address, user_agent, notes, timestamp) VALUES ('9fbecb66-1979-4048-be83-5e6604a9709b', '50151066', 'carlosnorton538@gmail.com', 'Carlosnorton538 Malik89.,,', 'submit', 'timesheet', '1ea2bac2-87f9-4d90-a596-535575e9540f', 'Carlosnorton538 Malik89.,, - Week of 2025-12-14', NULL, NULL, NULL, 'Timesheet submitted for week starting 2025-12-14', '2025-12-19T13:32:37.800Z');
INSERT INTO system_audit_log (id, user_id, user_email, user_name, action, entity_type, entity_id, entity_name, changes, ip_address, user_agent, notes, timestamp) VALUES ('a2123420-1577-4c29-84a5-e2b7c188c447', '51017052', 'cappabrioche1976@gmail.com', 'Cappabrioche1976 ameziane', 'submit', 'timesheet', 'ce72b45a-cadd-4db4-b193-3508f507665a', 'Cappabrioche1976 ameziane - Week of 2026-01-04', NULL, NULL, NULL, 'Timesheet submitted for week starting 2026-01-04', '2026-01-09T22:38:47.254Z');
INSERT INTO system_audit_log (id, user_id, user_email, user_name, action, entity_type, entity_id, entity_name, changes, ip_address, user_agent, notes, timestamp) VALUES ('a3ecbdf7-e36e-414e-8cd2-13e871761f4f', '50135798', 'sebo8711@gmail.com', 'Sebastian Turyk', 'submit', 'timesheet', '16d2f8a2-06af-467b-b3f9-146ae34195e1', 'Sebastian Turyk - Week of 2025-11-23', NULL, NULL, NULL, 'Timesheet submitted for week starting 2025-11-23', '2025-11-28T17:04:50.784Z');
INSERT INTO system_audit_log (id, user_id, user_email, user_name, action, entity_type, entity_id, entity_name, changes, ip_address, user_agent, notes, timestamp) VALUES ('a48789ba-7fcd-4ac4-a379-f0ee54f6440b', '50151066', 'carlosnorton538@gmail.com', 'Carlosnorton538 Malik89.,,', 'submit', 'timesheet', '4314d9d2-21c3-4c34-b900-5b8936491e7a', 'Carlosnorton538 Malik89.,, - Week of 2025-12-14', NULL, NULL, NULL, 'Timesheet submitted for week starting 2025-12-14', '2025-12-19T13:33:00.686Z');
INSERT INTO system_audit_log (id, user_id, user_email, user_name, action, entity_type, entity_id, entity_name, changes, ip_address, user_agent, notes, timestamp) VALUES ('b6602330-911e-4ae2-a01c-a9f76def99e4', '50135798', 'sebo8711@gmail.com', 'Sebastian Turyk', 'submit', 'timesheet', 'e25990a3-ac6e-4272-ae00-eb2682237667', 'Sebastian Turyk - Week of 2025-11-30', NULL, NULL, NULL, 'Timesheet submitted for week starting 2025-11-30', '2025-12-07T21:58:16.059Z');
INSERT INTO system_audit_log (id, user_id, user_email, user_name, action, entity_type, entity_id, entity_name, changes, ip_address, user_agent, notes, timestamp) VALUES ('b834abda-a56c-4609-b0bf-9e791657c818', '49100996', 'maja@acceptrec.co.uk', 'Maja Wojtaszko', 'update', 'timesheet', '051d1c81-22af-4d85-b65c-50fd0ba30326', 'Mateusz Rydlichowski - Week of 2025-11-30', NULL, NULL, NULL, 'Timesheet updated', '2025-12-05T09:23:22.405Z');
INSERT INTO system_audit_log (id, user_id, user_email, user_name, action, entity_type, entity_id, entity_name, changes, ip_address, user_agent, notes, timestamp) VALUES ('bcff43cf-c24c-4804-b3f1-fcde3c1f0899', '49954960', 'marcin.bogi@gmail.com', 'Marcin Boginczuk', 'submit', 'timesheet', 'c5be1dcc-768c-4ec3-8acb-6f55e1ef1ebc', 'Marcin Boginczuk - Week of 2025-11-23', NULL, NULL, NULL, 'Timesheet submitted for week starting 2025-11-23', '2025-12-01T16:12:54.080Z');
INSERT INTO system_audit_log (id, user_id, user_email, user_name, action, entity_type, entity_id, entity_name, changes, ip_address, user_agent, notes, timestamp) VALUES ('c294575a-f824-40a1-bc02-4f5868595433', '49070627', 'peter@acceptrec.co.uk', 'Peter Czinderi', 'submit', 'timesheet', '2fa69cb4-f4bc-4ca7-9099-ecf44f1968d4', 'Peter Czinderi - Week of 2026-01-04', NULL, NULL, NULL, 'Timesheet submitted for week starting 2026-01-04', '2026-01-08T19:26:13.398Z');
INSERT INTO system_audit_log (id, user_id, user_email, user_name, action, entity_type, entity_id, entity_name, changes, ip_address, user_agent, notes, timestamp) VALUES ('c953378f-677e-422d-97a8-ccb25c3862c0', '42651577', 'mark@acceptrec.co.uk', 'Mark Pearce', 'role_change', 'user', '49953319', 'Peter Czinderi', '{"role":{"new":"client","old":"driver"}}', NULL, NULL, 'Role changed from driver to client', '2026-01-09T08:53:17.889Z');
INSERT INTO system_audit_log (id, user_id, user_email, user_name, action, entity_type, entity_id, entity_name, changes, ip_address, user_agent, notes, timestamp) VALUES ('ce6d4f71-4f0d-4a10-82d1-7950e1c52ae3', '42651577', 'mark@acceptrec.co.uk', 'Mark Pearce', 'impersonation_started', 'impersonation', NULL, 'Poundstretcher', NULL, '82.0.249.222', 'Mozilla/5.0 (Windows NT 10.0; Win64; x64) AppleWebKit/537.36 (KHTML, like Gecko) Chrome/142.0.0.0 Safari/537.36', 'Super admin started impersonating client role as Poundstretcher | Device: Chrome 142.0.0.0 on Windows 10 - Desktop', '2026-01-09T08:52:25.384Z');
INSERT INTO system_audit_log (id, user_id, user_email, user_name, action, entity_type, entity_id, entity_name, changes, ip_address, user_agent, notes, timestamp) VALUES ('cfc09f80-f9a6-45fe-ae75-7c6b9e544d18', '49070627', 'peter@acceptrec.co.uk', 'Peter Czinderi', 'role_change', 'user', '49738993', 'Jennifer User', '{"role":{"new":"client","old":"admin"}}', NULL, NULL, 'Role changed from admin to client', '2026-01-12T14:20:58.056Z');
INSERT INTO system_audit_log (id, user_id, user_email, user_name, action, entity_type, entity_id, entity_name, changes, ip_address, user_agent, notes, timestamp) VALUES ('d495ebcf-e6a9-4e34-a6b9-2937c5c296a3', '50128545', 'john3harrison@outlook.com', 'John Harrison', 'submit', 'timesheet', 'c2498945-3da5-4f12-b01c-c2e57c66974d', 'John Harrison - Week of 2025-11-30', NULL, NULL, NULL, 'Timesheet submitted for week starting 2025-11-30', '2025-12-07T19:31:15.812Z');
INSERT INTO system_audit_log (id, user_id, user_email, user_name, action, entity_type, entity_id, entity_name, changes, ip_address, user_agent, notes, timestamp) VALUES ('d639da98-e68c-4ad6-8049-fa121e407861', '42651577', 'mark@acceptrec.co.uk', 'Mark Pearce', 'role_change', 'user', '49953878', 'Admin User', '{"role":{"new":"client","old":"driver"}}', NULL, NULL, 'Role changed from driver to client', '2026-01-12T16:41:12.048Z');
INSERT INTO system_audit_log (id, user_id, user_email, user_name, action, entity_type, entity_id, entity_name, changes, ip_address, user_agent, notes, timestamp) VALUES ('d6b78b0f-c2b1-48a2-9fc7-6e5633b8f400', '49070627', 'peter@acceptrec.co.uk', 'Peter Czinderi', 'role_change', 'user', '49738993', 'Jennifer User', '{"role":{"new":"admin","old":"driver"}}', NULL, NULL, 'Role changed from driver to admin', '2025-11-24T08:50:14.188Z');
INSERT INTO system_audit_log (id, user_id, user_email, user_name, action, entity_type, entity_id, entity_name, changes, ip_address, user_agent, notes, timestamp) VALUES ('d90a7dd4-8ffc-4665-bcd6-6e91add8a81c', '49954960', 'marcin.bogi@gmail.com', 'Marcin Boginczuk', 'submit', 'timesheet', '567ae283-9008-4bbc-ac51-8e0bf30e62a6', 'Marcin Boginczuk - Week of 2026-01-04', NULL, NULL, NULL, 'Timesheet submitted for week starting 2026-01-04', '2026-01-10T15:30:14.376Z');
INSERT INTO system_audit_log (id, user_id, user_email, user_name, action, entity_type, entity_id, entity_name, changes, ip_address, user_agent, notes, timestamp) VALUES ('d95819e2-c632-4389-bd2b-f23c5c5dc3b2', '42651577', 'mark@acceptrec.co.uk', 'Mark Pearce', 'role_change', 'user', '49953319', 'Peter Czinderi', '{"role":{"new":"driver","old":"client"}}', NULL, NULL, 'Role changed from client to driver', '2026-01-08T23:53:48.959Z');
INSERT INTO system_audit_log (id, user_id, user_email, user_name, action, entity_type, entity_id, entity_name, changes, ip_address, user_agent, notes, timestamp) VALUES ('db7f3b00-756b-4eb6-9e0c-7c28d18595a5', '50154107', 'matrydlich@gmail.com', 'Mateusz Rydlichowski', 'submit', 'timesheet', 'e04626a3-0009-4e49-ae12-1a899b2e0a15', 'Mateusz Rydlichowski - Week of 2025-12-07', NULL, NULL, NULL, 'Timesheet submitted for week starting 2025-12-07', '2025-12-15T11:12:14.412Z');
INSERT INTO system_audit_log (id, user_id, user_email, user_name, action, entity_type, entity_id, entity_name, changes, ip_address, user_agent, notes, timestamp) VALUES ('e212b2f2-dfcb-4564-a009-9db512f81b6a', '52584360', 'jennifer.pickering05@outlook.com', 'Jennifer Pickering05', 'submit', 'timesheet', 'ea50bc6c-34c1-4665-b659-d5cdc96e4a52', 'Jennifer Pickering05 - Week of 2026-01-04', NULL, NULL, NULL, 'Timesheet submitted for week starting 2026-01-04', '2026-01-06T13:28:14.466Z');
INSERT INTO system_audit_log (id, user_id, user_email, user_name, action, entity_type, entity_id, entity_name, changes, ip_address, user_agent, notes, timestamp) VALUES ('ec57ddb0-70e4-40e4-8662-b2f37004d9f1', '49070627', 'peter@acceptrec.co.uk', 'Peter Czinderi', 'submit', 'timesheet', 'ccdd0bae-d8aa-4454-9b57-3868700c9c9b', 'Peter Czinderi - Week of 2026-01-04', NULL, NULL, NULL, 'Timesheet submitted for week starting 2026-01-04', '2026-01-08T19:32:46.036Z');
INSERT INTO system_audit_log (id, user_id, user_email, user_name, action, entity_type, entity_id, entity_name, changes, ip_address, user_agent, notes, timestamp) VALUES ('edf13734-4acc-4798-9517-a7809de3ea46', '49100996', 'maja@acceptrec.co.uk', 'Maja Wojtaszko', 'delete', 'timesheet', '1dba570a-8aeb-4f78-ac19-7a101fdd965d', 'Marcin Boginczuk - Week of 2025-11-30', NULL, NULL, NULL, 'Timesheet deleted (soft delete)', '2025-12-02T09:18:15.400Z');
INSERT INTO system_audit_log (id, user_id, user_email, user_name, action, entity_type, entity_id, entity_name, changes, ip_address, user_agent, notes, timestamp) VALUES ('f18b3ab0-a227-4916-b021-bc87bebe6564', '50151066', 'carlosnorton538@gmail.com', 'Carlosnorton538 Norton', 'submit', 'timesheet', '72daec7d-dd99-42c5-b84f-f7b53258f004', 'Carlosnorton538 Norton - Week of 2025-11-30', NULL, NULL, NULL, 'Timesheet submitted for week starting 2025-11-30', '2025-12-07T11:08:11.153Z');
INSERT INTO system_audit_log (id, user_id, user_email, user_name, action, entity_type, entity_id, entity_name, changes, ip_address, user_agent, notes, timestamp) VALUES ('f818fcf7-beb5-4e98-90a4-d939c48900b4', 'client', '', 'Adrian Chlebowski', 'reject', 'timesheet', '051d1c81-22af-4d85-b65c-50fd0ba30326', 'Mateusz Rydlichowski - Week of 2025-11-30', NULL, NULL, NULL, 'Client Mawby and King rejected timesheet. Rating: 10/10. Reason: The driver working for us between 6:00 till 18:15. Thank you.', '2025-12-05T09:58:46.644Z');

COMMIT;

-- ================================================
-- Import befejezve!
-- ================================================